{
"type": "FeatureCollection",
"name": "zcta_boundaries",
"crs": { "type": "name", "properties": { "name": "urn:ogc:def:crs:OGC:1.3:CRS84" } },
"features": [
{ "type": "Feature", "properties": { "ZCTA5CE20": "78653" }, "geometry": { "type": "MultiPolygon", "coordinates": [ [ [ [ -97.610606, 30.342626 ], [ -97.605857, 30.35008 ], [ -97.602311, 30.348272 ], [ -97.60714, 30.340886 ], [ -97.610606, 30.342626 ] ] ], [ [ [ -97.635912, 30.400695 ], [ -97.63506, 30.402031 ], [ -97.633793, 30.401017 ], [ -97.632723, 30.396647 ], [ -97.627348, 30.391803 ], [ -97.61616, 30.386327 ], [ -97.611926, 30.392949 ], [ -97.613868, 30.3944 ], [ -97.609523, 30.39194 ], [ -97.605092, 30.384602 ], [ -97.60243, 30.383341 ], [ -97.593501, 30.396573 ], [ -97.597241, 30.396254 ], [ -97.596548, 30.397685 ], [ -97.598847, 30.397846 ], [ -97.597996, 30.399953 ], [ -97.600705, 30.40073 ], [ -97.59886, 30.403077 ], [ -97.601088, 30.40398 ], [ -97.601164, 30.405625 ], [ -97.598219, 30.406371 ], [ -97.601962, 30.408712 ], [ -97.599842, 30.412892 ], [ -97.601863, 30.412991 ], [ -97.602085, 30.416447 ], [ -97.604331, 30.416139 ], [ -97.604266, 30.41805 ], [ -97.59662, 30.416554 ], [ -97.593735, 30.420922 ], [ -97.594955, 30.415745 ], [ -97.589509, 30.413088 ], [ -97.593911, 30.40626 ], [ -97.585666, 30.402359 ], [ -97.58312, 30.406026 ], [ -97.581878, 30.401829 ], [ -97.577722, 30.39976 ], [ -97.576165, 30.402216 ], [ -97.569206, 30.399003 ], [ -97.568427, 30.400455 ], [ -97.551035, 30.392017 ], [ -97.536879, 30.413571 ], [ -97.526602, 30.408726 ], [ -97.523156, 30.414014 ], [ -97.526732, 30.414676 ], [ -97.526496, 30.417411 ], [ -97.53063, 30.420822 ], [ -97.531956, 30.42695 ], [ -97.532862, 30.425523 ], [ -97.538649, 30.428077 ], [ -97.541599, 30.424999 ], [ -97.552413, 30.42978 ], [ -97.550559, 30.432536 ], [ -97.552679, 30.433354 ], [ -97.550154, 30.435939 ], [ -97.5491, 30.43503 ], [ -97.547364, 30.436244 ], [ -97.546505, 30.440828 ], [ -97.543524, 30.439275 ], [ -97.535799, 30.451024 ], [ -97.533075, 30.449844 ], [ -97.525428, 30.461725 ], [ -97.524371, 30.467967 ], [ -97.528083, 30.468645 ], [ -97.527116, 30.474646 ], [ -97.523971, 30.472175 ], [ -97.522357, 30.476381 ], [ -97.510862, 30.485265 ], [ -97.502551, 30.480567 ], [ -97.501348, 30.477292 ], [ -97.49833, 30.476619 ], [ -97.499635, 30.470065 ], [ -97.498228, 30.469835 ], [ -97.501731, 30.454362 ], [ -97.504171, 30.454707 ], [ -97.510629, 30.444516 ], [ -97.507185, 30.442621 ], [ -97.509044, 30.439956 ], [ -97.517565, 30.443839 ], [ -97.520206, 30.440151 ], [ -97.521454, 30.440716 ], [ -97.518271, 30.430198 ], [ -97.516494, 30.429005 ], [ -97.517808, 30.42444 ], [ -97.513836, 30.422754 ], [ -97.514189, 30.41995 ], [ -97.510985, 30.417424 ], [ -97.50981, 30.41397 ], [ -97.501759, 30.425379 ], [ -97.483541, 30.416547 ], [ -97.481849, 30.418077 ], [ -97.477741, 30.416105 ], [ -97.473965, 30.421665 ], [ -97.460354, 30.415184 ], [ -97.461234, 30.413906 ], [ -97.419361, 30.414842 ], [ -97.437818, 30.38519 ], [ -97.45478, 30.39349 ], [ -97.460639, 30.384313 ], [ -97.460713, 30.381772 ], [ -97.447501, 30.376184 ], [ -97.439392, 30.376647 ], [ -97.428551, 30.371652 ], [ -97.437368, 30.358391 ], [ -97.423215, 30.352922 ], [ -97.466035, 30.351614 ], [ -97.464163, 30.354611 ], [ -97.467464, 30.351605 ], [ -97.476884, 30.3514 ], [ -97.475468, 30.350743 ], [ -97.481769, 30.339267 ], [ -97.480084, 30.330926 ], [ -97.477288, 30.330218 ], [ -97.474561, 30.324413 ], [ -97.466393, 30.324148 ], [ -97.453414, 30.320204 ], [ -97.448336, 30.320954 ], [ -97.447782, 30.319573 ], [ -97.443972, 30.319255 ], [ -97.449737, 30.31053 ], [ -97.452933, 30.309069 ], [ -97.464304, 30.291279 ], [ -97.459457, 30.288937 ], [ -97.466374, 30.277901 ], [ -97.469766, 30.27819 ], [ -97.471245, 30.280499 ], [ -97.468936, 30.283747 ], [ -97.474529, 30.285659 ], [ -97.476947, 30.281834 ], [ -97.482283, 30.284185 ], [ -97.485212, 30.279683 ], [ -97.482287, 30.278088 ], [ -97.4833, 30.276731 ], [ -97.474035, 30.272463 ], [ -97.476946, 30.267835 ], [ -97.471259, 30.26419 ], [ -97.469203, 30.265256 ], [ -97.46189, 30.262115 ], [ -97.460445, 30.26518 ], [ -97.453744, 30.261807 ], [ -97.452921, 30.263211 ], [ -97.449751, 30.261956 ], [ -97.447597, 30.265001 ], [ -97.445419, 30.263162 ], [ -97.452867, 30.251345 ], [ -97.45593, 30.25293 ], [ -97.464537, 30.239807 ], [ -97.472876, 30.243712 ], [ -97.469952, 30.248902 ], [ -97.473828, 30.244255 ], [ -97.483481, 30.249159 ], [ -97.486494, 30.245025 ], [ -97.488427, 30.246486 ], [ -97.492535, 30.232777 ], [ -97.491675, 30.23055 ], [ -97.493382, 30.221191 ], [ -97.49652, 30.216143 ], [ -97.499673, 30.217949 ], [ -97.501691, 30.215023 ], [ -97.500474, 30.21421 ], [ -97.498731, 30.217085 ], [ -97.497646, 30.216312 ], [ -97.496346, 30.216111 ], [ -97.495308, 30.217278 ], [ -97.499629, 30.210505 ], [ -97.512695, 30.199618 ], [ -97.523719, 30.198363 ], [ -97.529135, 30.203624 ], [ -97.528776, 30.205433 ], [ -97.523807, 30.207378 ], [ -97.516741, 30.206215 ], [ -97.513241, 30.210504 ], [ -97.517321, 30.22824 ], [ -97.522199, 30.228934 ], [ -97.523866, 30.221216 ], [ -97.52714, 30.218788 ], [ -97.536041, 30.220628 ], [ -97.539623, 30.225976 ], [ -97.541669, 30.225253 ], [ -97.547613, 30.235559 ], [ -97.544745, 30.236174 ], [ -97.544167, 30.240309 ], [ -97.551158, 30.240591 ], [ -97.550564, 30.242258 ], [ -97.552577, 30.24302 ], [ -97.555661, 30.242558 ], [ -97.556566, 30.240638 ], [ -97.558138, 30.241473 ], [ -97.559047, 30.245424 ], [ -97.560829, 30.245592 ], [ -97.557816, 30.247125 ], [ -97.558799, 30.249081 ], [ -97.562417, 30.249362 ], [ -97.563855, 30.251377 ], [ -97.565118, 30.259489 ], [ -97.567555, 30.259042 ], [ -97.578709, 30.27051 ], [ -97.585651, 30.269458 ], [ -97.586841, 30.270692 ], [ -97.584994, 30.274352 ], [ -97.588711, 30.275806 ], [ -97.578889, 30.284205 ], [ -97.580081, 30.286816 ], [ -97.583581, 30.288556 ], [ -97.574623, 30.28805 ], [ -97.571291, 30.2903 ], [ -97.568746, 30.301516 ], [ -97.572082, 30.312734 ], [ -97.586129, 30.330479 ], [ -97.591286, 30.340319 ], [ -97.599388, 30.337247 ], [ -97.59174, 30.340411 ], [ -97.595387, 30.344998 ], [ -97.593528, 30.352683 ], [ -97.597765, 30.346158 ], [ -97.602258, 30.34837 ], [ -97.598021, 30.354959 ], [ -97.600371, 30.35624 ], [ -97.602247, 30.360348 ], [ -97.596669, 30.359762 ], [ -97.594781, 30.361099 ], [ -97.588063, 30.359298 ], [ -97.583651, 30.369773 ], [ -97.593265, 30.372867 ], [ -97.597777, 30.365929 ], [ -97.603132, 30.368481 ], [ -97.604982, 30.365655 ], [ -97.613035, 30.368595 ], [ -97.608485, 30.378006 ], [ -97.610923, 30.375804 ], [ -97.613558, 30.377022 ], [ -97.614448, 30.374285 ], [ -97.617779, 30.375832 ], [ -97.623722, 30.368176 ], [ -97.619898, 30.365212 ], [ -97.621186, 30.365006 ], [ -97.618663, 30.36204 ], [ -97.622874, 30.355445 ], [ -97.619108, 30.353668 ], [ -97.623584, 30.346804 ], [ -97.633803, 30.351242 ], [ -97.633857, 30.354297 ], [ -97.63556, 30.355842 ], [ -97.630775, 30.360149 ], [ -97.624322, 30.373605 ], [ -97.626105, 30.374525 ], [ -97.621901, 30.380598 ], [ -97.620489, 30.37967 ], [ -97.634064, 30.396826 ], [ -97.637082, 30.39841 ], [ -97.635912, 30.400695 ] ] ] ] } },
{ "type": "Feature", "properties": { "ZCTA5CE20": "78676" }, "geometry": { "type": "Polygon", "coordinates": [ [ [ -98.327857, 30.070947 ], [ -98.321389, 30.082156 ], [ -98.32504, 30.087932 ], [ -98.320902, 30.086013 ], [ -98.319595, 30.082464 ], [ -98.312956, 30.084763 ], [ -98.309085, 30.08372 ], [ -98.299878, 30.103774 ], [ -98.300229, 30.113198 ], [ -98.304771, 30.113574 ], [ -98.297525, 30.123988 ], [ -98.286913, 30.131923 ], [ -98.270082, 30.140559 ], [ -98.265856, 30.141081 ], [ -98.265925, 30.134706 ], [ -98.263503, 30.134751 ], [ -98.263446, 30.126141 ], [ -98.259241, 30.136542 ], [ -98.25665, 30.134956 ], [ -98.249063, 30.13642 ], [ -98.244489, 30.131873 ], [ -98.230544, 30.131727 ], [ -98.229516, 30.118326 ], [ -98.214467, 30.118538 ], [ -98.211478, 30.116339 ], [ -98.206174, 30.122836 ], [ -98.199445, 30.11835 ], [ -98.205889, 30.111539 ], [ -98.199776, 30.107335 ], [ -98.188819, 30.110709 ], [ -98.186645, 30.113436 ], [ -98.184528, 30.111457 ], [ -98.178842, 30.115722 ], [ -98.174401, 30.11219 ], [ -98.174004, 30.115891 ], [ -98.167978, 30.123554 ], [ -98.163659, 30.124877 ], [ -98.160727, 30.129791 ], [ -98.15718, 30.122876 ], [ -98.158105, 30.118695 ], [ -98.150604, 30.120061 ], [ -98.147491, 30.122541 ], [ -98.141791, 30.121271 ], [ -98.1427, 30.117399 ], [ -98.139824, 30.115589 ], [ -98.137855, 30.116843 ], [ -98.130734, 30.107306 ], [ -98.125046, 30.107753 ], [ -98.115482, 30.101951 ], [ -98.100732, 30.100751 ], [ -98.095982, 30.101948 ], [ -98.096091, 30.096744 ], [ -98.100592, 30.086371 ], [ -98.09719, 30.078842 ], [ -98.090898, 30.074124 ], [ -98.089579, 30.07016 ], [ -98.087606, 30.070173 ], [ -98.088434, 30.073874 ], [ -98.08604, 30.073892 ], [ -98.086291, 30.078859 ], [ -98.080339, 30.079008 ], [ -98.080564, 30.083818 ], [ -98.086916, 30.083679 ], [ -98.086017, 30.087213 ], [ -98.080481, 30.086529 ], [ -98.08054, 30.089743 ], [ -98.0763, 30.089252 ], [ -98.076355, 30.090706 ], [ -98.050744, 30.091793 ], [ -98.046606, 30.090783 ], [ -98.044938, 30.078781 ], [ -98.046206, 30.078887 ], [ -98.045974, 30.070513 ], [ -98.036818, 30.070259 ], [ -98.035972, 30.056853 ], [ -98.027027, 30.052074 ], [ -98.027897, 30.049777 ], [ -98.026043, 30.048072 ], [ -98.014156, 30.046402 ], [ -97.988616, 30.047392 ], [ -97.962977, 30.043663 ], [ -97.96286, 30.028346 ], [ -97.961252, 30.026376 ], [ -97.959224, 30.02617 ], [ -97.954722, 30.035911 ], [ -97.952509, 30.03653 ], [ -97.949928, 30.03543 ], [ -97.947293, 30.028165 ], [ -97.939759, 30.026332 ], [ -97.940022, 30.019708 ], [ -97.938126, 30.018356 ], [ -97.941392, 30.015468 ], [ -97.940681, 30.012717 ], [ -97.943604, 30.00905 ], [ -97.954136, 30.004304 ], [ -97.956559, 30.005312 ], [ -97.9598, 30.011225 ], [ -97.9657, 30.011981 ], [ -97.972887, 30.007212 ], [ -97.991108, 30.002736 ], [ -97.994304, 30.000214 ], [ -97.995182, 29.994309 ], [ -97.998011, 29.994683 ], [ -98.00393, 29.999647 ], [ -98.006512, 29.998067 ], [ -98.006333, 29.989449 ], [ -98.014277, 29.983754 ], [ -98.01991, 29.985974 ], [ -98.030162, 29.981022 ], [ -98.034518, 29.987394 ], [ -98.037593, 29.986699 ], [ -98.0396, 29.980828 ], [ -98.038211, 29.980032 ], [ -98.040302, 29.979505 ], [ -98.040798, 29.97408 ], [ -98.04414, 29.966542 ], [ -98.044803, 29.958764 ], [ -98.040638, 29.951917 ], [ -98.030521, 29.947701 ], [ -98.028391, 29.944945 ], [ -98.031156, 29.942366 ], [ -98.037161, 29.947648 ], [ -98.047738, 29.947616 ], [ -98.060392, 29.952914 ], [ -98.06037, 29.948734 ], [ -98.079249, 29.948295 ], [ -98.079637, 29.939404 ], [ -98.083128, 29.93944 ], [ -98.090934, 29.941521 ], [ -98.092552, 29.943597 ], [ -98.095269, 29.958734 ], [ -98.09158, 29.965416 ], [ -98.092788, 29.972394 ], [ -98.094727, 29.97415 ], [ -98.101216, 29.974878 ], [ -98.10359, 29.973624 ], [ -98.103051, 29.970853 ], [ -98.107508, 29.970277 ], [ -98.114597, 29.972689 ], [ -98.114147, 29.969593 ], [ -98.1159, 29.967037 ], [ -98.117406, 29.971744 ], [ -98.120634, 29.969824 ], [ -98.131083, 29.969944 ], [ -98.139982, 29.967656 ], [ -98.146273, 29.969102 ], [ -98.148696, 29.967085 ], [ -98.14783, 29.961034 ], [ -98.15299, 29.959753 ], [ -98.15857, 29.960762 ], [ -98.162958, 29.956052 ], [ -98.166359, 29.954845 ], [ -98.178022, 29.963309 ], [ -98.184761, 29.964181 ], [ -98.201048, 29.975559 ], [ -98.204904, 29.974462 ], [ -98.205999, 29.989777 ], [ -98.217563, 29.989572 ], [ -98.224261, 29.986049 ], [ -98.217395, 29.981147 ], [ -98.233279, 29.98103 ], [ -98.23484, 29.993609 ], [ -98.246305, 30.001774 ], [ -98.254432, 30.001777 ], [ -98.254784, 29.999728 ], [ -98.272846, 30.000501 ], [ -98.273128, 30.008022 ], [ -98.27123, 30.009708 ], [ -98.272846, 30.013293 ], [ -98.273012, 30.020678 ], [ -98.2976, 30.037994 ], [ -98.294174, 30.046801 ], [ -98.305855, 30.047659 ], [ -98.315942, 30.053252 ], [ -98.314306, 30.057676 ], [ -98.315604, 30.062259 ], [ -98.31095, 30.065248 ], [ -98.306218, 30.065043 ], [ -98.306399, 30.06842 ], [ -98.316591, 30.07037 ], [ -98.318344, 30.067475 ], [ -98.320729, 30.067502 ], [ -98.322328, 30.069184 ], [ -98.326215, 30.068236 ], [ -98.327857, 30.070947 ] ] ] } },
{ "type": "Feature", "properties": { "ZCTA5CE20": "78610" }, "geometry": { "type": "Polygon", "coordinates": [ [ [ -98.015819, 30.131435 ], [ -98.010403, 30.131921 ], [ -98.00182, 30.123374 ], [ -97.992754, 30.121857 ], [ -97.985332, 30.117116 ], [ -97.956695, 30.116987 ], [ -97.956634, 30.120807 ], [ -97.915514, 30.154872 ], [ -97.915374, 30.142536 ], [ -97.912847, 30.141853 ], [ -97.912726, 30.132593 ], [ -97.894123, 30.134156 ], [ -97.906679, 30.128365 ], [ -97.90716, 30.124314 ], [ -97.879416, 30.124648 ], [ -97.879881, 30.128366 ], [ -97.868511, 30.128152 ], [ -97.868475, 30.133372 ], [ -97.866468, 30.136812 ], [ -97.813255, 30.09868 ], [ -97.804351, 30.118627 ], [ -97.791981, 30.112803 ], [ -97.781789, 30.112653 ], [ -97.756262, 30.100403 ], [ -97.74878, 30.1135 ], [ -97.745388, 30.111921 ], [ -97.744391, 30.114245 ], [ -97.732666, 30.109687 ], [ -97.730926, 30.111936 ], [ -97.727838, 30.110287 ], [ -97.730896, 30.105579 ], [ -97.726383, 30.102922 ], [ -97.732275, 30.093589 ], [ -97.722917, 30.088846 ], [ -97.718176, 30.096247 ], [ -97.725203, 30.099593 ], [ -97.72349, 30.101547 ], [ -97.724843, 30.103013 ], [ -97.710584, 30.095476 ], [ -97.714837, 30.088658 ], [ -97.711465, 30.088445 ], [ -97.721774, 30.082416 ], [ -97.727257, 30.084231 ], [ -97.729482, 30.087567 ], [ -97.735051, 30.085598 ], [ -97.735221, 30.083956 ], [ -97.728621, 30.081403 ], [ -97.710438, 30.082447 ], [ -97.698195, 30.080311 ], [ -97.693349, 30.081069 ], [ -97.692048, 30.056021 ], [ -97.690709, 30.05615 ], [ -97.691171, 30.075501 ], [ -97.682901, 30.081906 ], [ -97.67408, 30.081924 ], [ -97.671684, 30.086417 ], [ -97.668958, 30.084204 ], [ -97.668996, 30.079594 ], [ -97.666279, 30.082029 ], [ -97.653693, 30.071564 ], [ -97.662656, 30.063573 ], [ -97.66777, 30.065009 ], [ -97.664903, 30.061562 ], [ -97.668611, 30.056685 ], [ -97.659917, 30.049635 ], [ -97.672044, 30.038885 ], [ -97.665715, 30.033271 ], [ -97.688801, 30.027695 ], [ -97.700512, 30.025953 ], [ -97.703988, 30.031946 ], [ -97.7212, 30.046494 ], [ -97.723747, 30.044161 ], [ -97.72678, 30.04543 ], [ -97.734798, 30.042399 ], [ -97.751479, 30.054354 ], [ -97.756163, 30.049712 ], [ -97.754103, 30.048549 ], [ -97.769086, 30.03342 ], [ -97.776617, 30.032974 ], [ -97.789334, 30.041757 ], [ -97.795966, 30.035999 ], [ -97.798488, 30.037974 ], [ -97.802503, 30.0354 ], [ -97.804847, 30.036718 ], [ -97.811584, 30.030898 ], [ -97.825622, 30.030634 ], [ -97.829055, 30.031957 ], [ -97.828124, 30.034986 ], [ -97.831476, 30.034972 ], [ -97.831497, 30.037708 ], [ -97.84164, 30.037695 ], [ -97.842861, 30.035318 ], [ -97.850531, 30.035906 ], [ -97.850469, 30.040874 ], [ -97.844618, 30.042476 ], [ -97.851804, 30.042568 ], [ -97.85272, 30.039798 ], [ -97.863367, 30.040525 ], [ -97.866864, 30.028202 ], [ -97.872473, 30.028162 ], [ -97.872117, 30.037329 ], [ -97.874781, 30.044459 ], [ -97.874687, 30.050221 ], [ -97.878434, 30.050136 ], [ -97.883688, 30.045982 ], [ -97.887899, 30.034519 ], [ -97.901702, 30.034215 ], [ -97.903294, 30.028426 ], [ -97.906464, 30.028531 ], [ -97.906464, 30.036299 ], [ -97.914391, 30.035824 ], [ -97.914598, 30.044733 ], [ -97.908193, 30.044747 ], [ -97.903345, 30.051978 ], [ -97.927635, 30.051715 ], [ -97.927832, 30.059885 ], [ -97.92618, 30.060226 ], [ -97.9259, 30.062277 ], [ -97.92992, 30.059837 ], [ -97.938875, 30.049796 ], [ -97.946613, 30.053639 ], [ -97.955639, 30.051575 ], [ -97.96743, 30.052816 ], [ -97.982945, 30.063872 ], [ -97.977926, 30.07012 ], [ -97.979483, 30.076099 ], [ -97.978604, 30.078335 ], [ -97.974704, 30.081339 ], [ -97.974498, 30.084104 ], [ -97.977846, 30.087972 ], [ -97.980135, 30.089505 ], [ -97.990399, 30.086248 ], [ -97.995317, 30.079825 ], [ -97.998954, 30.083503 ], [ -98.004617, 30.084425 ], [ -98.008134, 30.083075 ], [ -98.013221, 30.084958 ], [ -98.012531, 30.087652 ], [ -98.006382, 30.090493 ], [ -97.998141, 30.099362 ], [ -97.992413, 30.110338 ], [ -97.995869, 30.113186 ], [ -97.995805, 30.11061 ], [ -98.000915, 30.110659 ], [ -98.003072, 30.116872 ], [ -98.008131, 30.121389 ], [ -98.007938, 30.127106 ], [ -98.015029, 30.127868 ], [ -98.015819, 30.131435 ] ] ] } },
{ "type": "Feature", "properties": { "ZCTA5CE20": "78722" }, "geometry": { "type": "Polygon", "coordinates": [ [ [ -97.727401, 30.283078 ], [ -97.712423, 30.306487 ], [ -97.709211, 30.302643 ], [ -97.709743, 30.298787 ], [ -97.707389, 30.291309 ], [ -97.703528, 30.289754 ], [ -97.698793, 30.290118 ], [ -97.701302, 30.287537 ], [ -97.707148, 30.289196 ], [ -97.703945, 30.282572 ], [ -97.708166, 30.28188 ], [ -97.708559, 30.285939 ], [ -97.708497, 30.281826 ], [ -97.711755, 30.28244 ], [ -97.711537, 30.281404 ], [ -97.719249, 30.280134 ], [ -97.719464, 30.281153 ], [ -97.723179, 30.279475 ], [ -97.727401, 30.283078 ] ] ] } },
{ "type": "Feature", "properties": { "ZCTA5CE20": "78757" }, "geometry": { "type": "Polygon", "coordinates": [ [ [ -97.755277, 30.336413 ], [ -97.736176, 30.378682 ], [ -97.720429, 30.370439 ], [ -97.71738, 30.363234 ], [ -97.719225, 30.362804 ], [ -97.719104, 30.361066 ], [ -97.716746, 30.360413 ], [ -97.71582, 30.356938 ], [ -97.71852, 30.354643 ], [ -97.715387, 30.352159 ], [ -97.717674, 30.349909 ], [ -97.713083, 30.346837 ], [ -97.71735, 30.340156 ], [ -97.720548, 30.340819 ], [ -97.722511, 30.347109 ], [ -97.721642, 30.342668 ], [ -97.722695, 30.340902 ], [ -97.72097, 30.340265 ], [ -97.721495, 30.33765 ], [ -97.719555, 30.336702 ], [ -97.723709, 30.330117 ], [ -97.727604, 30.328526 ], [ -97.731118, 30.331675 ], [ -97.741639, 30.336253 ], [ -97.741908, 30.335104 ], [ -97.751191, 30.33451 ], [ -97.755277, 30.336413 ] ] ] } },
{ "type": "Feature", "properties": { "ZCTA5CE20": "78620" }, "geometry": { "type": "Polygon", "coordinates": [ [ [ -98.276264, 30.146057 ], [ -98.276198, 30.149149 ], [ -98.269382, 30.149628 ], [ -98.267359, 30.16353 ], [ -98.270957, 30.163339 ], [ -98.272018, 30.184364 ], [ -98.240178, 30.184715 ], [ -98.204488, 30.276778 ], [ -98.208076, 30.27849 ], [ -98.208986, 30.280796 ], [ -98.203636, 30.280627 ], [ -98.202579, 30.28289 ], [ -98.203332, 30.284838 ], [ -98.207377, 30.286633 ], [ -98.209343, 30.290785 ], [ -98.210993, 30.297612 ], [ -98.209485, 30.301072 ], [ -98.211901, 30.303178 ], [ -98.213633, 30.308431 ], [ -98.210146, 30.31149 ], [ -98.206203, 30.310754 ], [ -98.204314, 30.312234 ], [ -98.203592, 30.315666 ], [ -98.209831, 30.319951 ], [ -98.211221, 30.325115 ], [ -98.206701, 30.330947 ], [ -98.196764, 30.336362 ], [ -98.198479, 30.345394 ], [ -98.196735, 30.349265 ], [ -98.192768, 30.350332 ], [ -98.185626, 30.346894 ], [ -98.182876, 30.334851 ], [ -98.176511, 30.327724 ], [ -98.154748, 30.334616 ], [ -98.140161, 30.333956 ], [ -98.136738, 30.352658 ], [ -98.127031, 30.361657 ], [ -98.132297, 30.368586 ], [ -98.131678, 30.370483 ], [ -98.125293, 30.375342 ], [ -98.119018, 30.377414 ], [ -98.116368, 30.359966 ], [ -98.1141, 30.359229 ], [ -98.111415, 30.363207 ], [ -98.095011, 30.35355 ], [ -98.107729, 30.346518 ], [ -98.099977, 30.334711 ], [ -98.112049, 30.327749 ], [ -98.090551, 30.312137 ], [ -98.083461, 30.320408 ], [ -98.08188, 30.328185 ], [ -98.076578, 30.337237 ], [ -98.076759, 30.345201 ], [ -98.074107, 30.346394 ], [ -98.069349, 30.344225 ], [ -98.062515, 30.347795 ], [ -98.058641, 30.341886 ], [ -98.054405, 30.339997 ], [ -98.051017, 30.341588 ], [ -98.048639, 30.339318 ], [ -98.043949, 30.339621 ], [ -98.040182, 30.336918 ], [ -98.040583, 30.335065 ], [ -98.043449, 30.334064 ], [ -98.042749, 30.327523 ], [ -98.045284, 30.325501 ], [ -98.04354, 30.322802 ], [ -98.04694, 30.322522 ], [ -98.055556, 30.316209 ], [ -98.056287, 30.31086 ], [ -98.058654, 30.308655 ], [ -98.056586, 30.305468 ], [ -98.058108, 30.300703 ], [ -98.071899, 30.296503 ], [ -98.074751, 30.290919 ], [ -98.062882, 30.285822 ], [ -98.043953, 30.289859 ], [ -98.036829, 30.286703 ], [ -98.03642, 30.285768 ], [ -98.040252, 30.284319 ], [ -98.026574, 30.26074 ], [ -98.030672, 30.254514 ], [ -98.026708, 30.251686 ], [ -98.029684, 30.24239 ], [ -98.024994, 30.236724 ], [ -98.032562, 30.237044 ], [ -98.032663, 30.232446 ], [ -98.037536, 30.229085 ], [ -98.03668, 30.227055 ], [ -98.030325, 30.226224 ], [ -98.030133, 30.222219 ], [ -98.026961, 30.222256 ], [ -98.024886, 30.215794 ], [ -98.022467, 30.215039 ], [ -98.023707, 30.214478 ], [ -98.022522, 30.210652 ], [ -98.016337, 30.207127 ], [ -98.012769, 30.196826 ], [ -97.997387, 30.196842 ], [ -97.997235, 30.192411 ], [ -98.000104, 30.19004 ], [ -98.00298, 30.176643 ], [ -98.00845, 30.166721 ], [ -98.008778, 30.153469 ], [ -98.019176, 30.153274 ], [ -98.018271, 30.156722 ], [ -98.015161, 30.156031 ], [ -98.01329, 30.162517 ], [ -98.015159, 30.166012 ], [ -98.037494, 30.165653 ], [ -98.037687, 30.170745 ], [ -98.056267, 30.169977 ], [ -98.054759, 30.165876 ], [ -98.07705, 30.166079 ], [ -98.080094, 30.161417 ], [ -98.086837, 30.168078 ], [ -98.091147, 30.162792 ], [ -98.090008, 30.154379 ], [ -98.091651, 30.14952 ], [ -98.088626, 30.141315 ], [ -98.084768, 30.140752 ], [ -98.082998, 30.144045 ], [ -98.079155, 30.141301 ], [ -98.076778, 30.141982 ], [ -98.080474, 30.145958 ], [ -98.078077, 30.147885 ], [ -98.07526, 30.145291 ], [ -98.065547, 30.1488 ], [ -98.05922, 30.134515 ], [ -98.056156, 30.133823 ], [ -98.047428, 30.143225 ], [ -98.044469, 30.144016 ], [ -98.044364, 30.125226 ], [ -98.073202, 30.124314 ], [ -98.072674, 30.127094 ], [ -98.074944, 30.127083 ], [ -98.074878, 30.130191 ], [ -98.072707, 30.133585 ], [ -98.086462, 30.133131 ], [ -98.087355, 30.130956 ], [ -98.089943, 30.130985 ], [ -98.088309, 30.117983 ], [ -98.092467, 30.106783 ], [ -98.095982, 30.101948 ], [ -98.100732, 30.100751 ], [ -98.115482, 30.101951 ], [ -98.125046, 30.107753 ], [ -98.130734, 30.107306 ], [ -98.137855, 30.116843 ], [ -98.139824, 30.115589 ], [ -98.1427, 30.117399 ], [ -98.141791, 30.121271 ], [ -98.147491, 30.122541 ], [ -98.150604, 30.120061 ], [ -98.158105, 30.118695 ], [ -98.15718, 30.122876 ], [ -98.160727, 30.129791 ], [ -98.163659, 30.124877 ], [ -98.167978, 30.123554 ], [ -98.174004, 30.115891 ], [ -98.174401, 30.11219 ], [ -98.178842, 30.115722 ], [ -98.184528, 30.111457 ], [ -98.186645, 30.113436 ], [ -98.188819, 30.110709 ], [ -98.199776, 30.107335 ], [ -98.205889, 30.111539 ], [ -98.199445, 30.11835 ], [ -98.206174, 30.122836 ], [ -98.211478, 30.116339 ], [ -98.214467, 30.118538 ], [ -98.229516, 30.118326 ], [ -98.230544, 30.131727 ], [ -98.244489, 30.131873 ], [ -98.249063, 30.13642 ], [ -98.25665, 30.134956 ], [ -98.259241, 30.136542 ], [ -98.263446, 30.126141 ], [ -98.263503, 30.134751 ], [ -98.265925, 30.134706 ], [ -98.265856, 30.141081 ], [ -98.27585, 30.137474 ], [ -98.277468, 30.14151 ], [ -98.276264, 30.146057 ] ] ] } },
{ "type": "Feature", "properties": { "ZCTA5CE20": "78621" }, "geometry": { "type": "Polygon", "coordinates": [ [ [ -97.501691, 30.215023 ], [ -97.499673, 30.217949 ], [ -97.49652, 30.216143 ], [ -97.493382, 30.221191 ], [ -97.491675, 30.23055 ], [ -97.492535, 30.232777 ], [ -97.488427, 30.246486 ], [ -97.486494, 30.245025 ], [ -97.483481, 30.249159 ], [ -97.473828, 30.244255 ], [ -97.469952, 30.248902 ], [ -97.472876, 30.243712 ], [ -97.464537, 30.239807 ], [ -97.45593, 30.25293 ], [ -97.452867, 30.251345 ], [ -97.445419, 30.263162 ], [ -97.447597, 30.265001 ], [ -97.449751, 30.261956 ], [ -97.452921, 30.263211 ], [ -97.453744, 30.261807 ], [ -97.460445, 30.26518 ], [ -97.46189, 30.262115 ], [ -97.469203, 30.265256 ], [ -97.471259, 30.26419 ], [ -97.476946, 30.267835 ], [ -97.474035, 30.272463 ], [ -97.4833, 30.276731 ], [ -97.482287, 30.278088 ], [ -97.485212, 30.279683 ], [ -97.482283, 30.284185 ], [ -97.476947, 30.281834 ], [ -97.474529, 30.285659 ], [ -97.468936, 30.283747 ], [ -97.471245, 30.280499 ], [ -97.469766, 30.27819 ], [ -97.466374, 30.277901 ], [ -97.459457, 30.288937 ], [ -97.464304, 30.291279 ], [ -97.452933, 30.309069 ], [ -97.449737, 30.31053 ], [ -97.443972, 30.319255 ], [ -97.447782, 30.319573 ], [ -97.448336, 30.320954 ], [ -97.453414, 30.320204 ], [ -97.466393, 30.324148 ], [ -97.474561, 30.324413 ], [ -97.477288, 30.330218 ], [ -97.480084, 30.330926 ], [ -97.482031, 30.337616 ], [ -97.475468, 30.350743 ], [ -97.476884, 30.3514 ], [ -97.467464, 30.351605 ], [ -97.464163, 30.354611 ], [ -97.466035, 30.351614 ], [ -97.423215, 30.352922 ], [ -97.437368, 30.358391 ], [ -97.428551, 30.371652 ], [ -97.439392, 30.376647 ], [ -97.447501, 30.376184 ], [ -97.460713, 30.381772 ], [ -97.460639, 30.384313 ], [ -97.45478, 30.39349 ], [ -97.437818, 30.38519 ], [ -97.419361, 30.414842 ], [ -97.410756, 30.415178 ], [ -97.403335, 30.426845 ], [ -97.388446, 30.419997 ], [ -97.391236, 30.415634 ], [ -97.37945, 30.415913 ], [ -97.382248, 30.424079 ], [ -97.379429, 30.423901 ], [ -97.376767, 30.419196 ], [ -97.373537, 30.417715 ], [ -97.369948, 30.419442 ], [ -97.372523, 30.420654 ], [ -97.373338, 30.423042 ], [ -97.36359, 30.426079 ], [ -97.366711, 30.436328 ], [ -97.359231, 30.439241 ], [ -97.353074, 30.439279 ], [ -97.361486, 30.462098 ], [ -97.351027, 30.465311 ], [ -97.345107, 30.450391 ], [ -97.346669, 30.446973 ], [ -97.338704, 30.449514 ], [ -97.339612, 30.453321 ], [ -97.328966, 30.456712 ], [ -97.325911, 30.453531 ], [ -97.321656, 30.44304 ], [ -97.295846, 30.451404 ], [ -97.300119, 30.461434 ], [ -97.307518, 30.459393 ], [ -97.311525, 30.469068 ], [ -97.310042, 30.46995 ], [ -97.311007, 30.47149 ], [ -97.301343, 30.476053 ], [ -97.301578, 30.47767 ], [ -97.299025, 30.479457 ], [ -97.299818, 30.482338 ], [ -97.297323, 30.483647 ], [ -97.2959, 30.487199 ], [ -97.293068, 30.486264 ], [ -97.291099, 30.48793 ], [ -97.28743, 30.484981 ], [ -97.285162, 30.489589 ], [ -97.286717, 30.49053 ], [ -97.28504, 30.491316 ], [ -97.28158, 30.487849 ], [ -97.274746, 30.47168 ], [ -97.251495, 30.479312 ], [ -97.247593, 30.482294 ], [ -97.241719, 30.480511 ], [ -97.23846, 30.475458 ], [ -97.233101, 30.471758 ], [ -97.236212, 30.465431 ], [ -97.248616, 30.461659 ], [ -97.245813, 30.454854 ], [ -97.248332, 30.45374 ], [ -97.243415, 30.435475 ], [ -97.240311, 30.431978 ], [ -97.223022, 30.436573 ], [ -97.21823, 30.425382 ], [ -97.223691, 30.423562 ], [ -97.221091, 30.417507 ], [ -97.226468, 30.419824 ], [ -97.229744, 30.417278 ], [ -97.233873, 30.422133 ], [ -97.229882, 30.423488 ], [ -97.231761, 30.425709 ], [ -97.235702, 30.426256 ], [ -97.23668, 30.423737 ], [ -97.230673, 30.407342 ], [ -97.236972, 30.405175 ], [ -97.235402, 30.396872 ], [ -97.230266, 30.384579 ], [ -97.227583, 30.383929 ], [ -97.227654, 30.378411 ], [ -97.225933, 30.375116 ], [ -97.235017, 30.379885 ], [ -97.241048, 30.380953 ], [ -97.256276, 30.376072 ], [ -97.263056, 30.36827 ], [ -97.238642, 30.356525 ], [ -97.242471, 30.353562 ], [ -97.24864, 30.343615 ], [ -97.241797, 30.340392 ], [ -97.244297, 30.336638 ], [ -97.252944, 30.332889 ], [ -97.256807, 30.328481 ], [ -97.253582, 30.325433 ], [ -97.254569, 30.323854 ], [ -97.258734, 30.324086 ], [ -97.267876, 30.328229 ], [ -97.265664, 30.326175 ], [ -97.265908, 30.322657 ], [ -97.27166, 30.31441 ], [ -97.272085, 30.310572 ], [ -97.263947, 30.302076 ], [ -97.270086, 30.296648 ], [ -97.26143, 30.294123 ], [ -97.265015, 30.289889 ], [ -97.267462, 30.281797 ], [ -97.289557, 30.30015 ], [ -97.305142, 30.310755 ], [ -97.305594, 30.306384 ], [ -97.309284, 30.302711 ], [ -97.309273, 30.294962 ], [ -97.318866, 30.286577 ], [ -97.323445, 30.290255 ], [ -97.335922, 30.280399 ], [ -97.327972, 30.265509 ], [ -97.332246, 30.261849 ], [ -97.332981, 30.256248 ], [ -97.326618, 30.254749 ], [ -97.330645, 30.241687 ], [ -97.335409, 30.24223 ], [ -97.338812, 30.238245 ], [ -97.329532, 30.2332 ], [ -97.330691, 30.230802 ], [ -97.335055, 30.234147 ], [ -97.336844, 30.23269 ], [ -97.340577, 30.235809 ], [ -97.339555, 30.238071 ], [ -97.349069, 30.247467 ], [ -97.359341, 30.233378 ], [ -97.364492, 30.237468 ], [ -97.381825, 30.210945 ], [ -97.401785, 30.220317 ], [ -97.411764, 30.204603 ], [ -97.422297, 30.203118 ], [ -97.429769, 30.190761 ], [ -97.453708, 30.183438 ], [ -97.461449, 30.182065 ], [ -97.46501, 30.184449 ], [ -97.469743, 30.182851 ], [ -97.48401, 30.188399 ], [ -97.485413, 30.190109 ], [ -97.48547, 30.195298 ], [ -97.48895, 30.200406 ], [ -97.484239, 30.202751 ], [ -97.483607, 30.206121 ], [ -97.49224, 30.212647 ], [ -97.497294, 30.208817 ], [ -97.501431, 30.208451 ], [ -97.495308, 30.217278 ], [ -97.496346, 30.216111 ], [ -97.497646, 30.216312 ], [ -97.498731, 30.217085 ], [ -97.500474, 30.21421 ], [ -97.501691, 30.215023 ] ] ] } },
{ "type": "Feature", "properties": { "ZCTA5CE20": "78641" }, "geometry": { "type": "Polygon", "coordinates": [ [ [ -98.066559, 30.593103 ], [ -98.049886, 30.624155 ], [ -98.039592, 30.618553 ], [ -98.036495, 30.611726 ], [ -98.0297, 30.614723 ], [ -98.012741, 30.616767 ], [ -98.006276, 30.627516 ], [ -97.997989, 30.613024 ], [ -97.9924, 30.609494 ], [ -97.977867, 30.622114 ], [ -97.966311, 30.623676 ], [ -97.956734, 30.628249 ], [ -97.9547, 30.627172 ], [ -97.955644, 30.63103 ], [ -97.95092, 30.635241 ], [ -97.952607, 30.639141 ], [ -97.941459, 30.64263 ], [ -97.93947, 30.636444 ], [ -97.945042, 30.630853 ], [ -97.943656, 30.627407 ], [ -97.937086, 30.626059 ], [ -97.936389, 30.62789 ], [ -97.940232, 30.632152 ], [ -97.931354, 30.633024 ], [ -97.927785, 30.636168 ], [ -97.925635, 30.631208 ], [ -97.922892, 30.631953 ], [ -97.921614, 30.628572 ], [ -97.918472, 30.629637 ], [ -97.91983, 30.632726 ], [ -97.905744, 30.637265 ], [ -97.905662, 30.635764 ], [ -97.900151, 30.637477 ], [ -97.898131, 30.631242 ], [ -97.89626, 30.631237 ], [ -97.895428, 30.628464 ], [ -97.891528, 30.630899 ], [ -97.882106, 30.625335 ], [ -97.876499, 30.62405 ], [ -97.881542, 30.640094 ], [ -97.8635, 30.646584 ], [ -97.864802, 30.644326 ], [ -97.861888, 30.638853 ], [ -97.858091, 30.640106 ], [ -97.856346, 30.633149 ], [ -97.847552, 30.636005 ], [ -97.844169, 30.629396 ], [ -97.843564, 30.631425 ], [ -97.838686, 30.63098 ], [ -97.838745, 30.626632 ], [ -97.843486, 30.626462 ], [ -97.842853, 30.625021 ], [ -97.846448, 30.62379 ], [ -97.846366, 30.616708 ], [ -97.837506, 30.61438 ], [ -97.832535, 30.610207 ], [ -97.827966, 30.609296 ], [ -97.8256, 30.610693 ], [ -97.826911, 30.613929 ], [ -97.823878, 30.615696 ], [ -97.830063, 30.631431 ], [ -97.827763, 30.631602 ], [ -97.819063, 30.611904 ], [ -97.812166, 30.611745 ], [ -97.806016, 30.606556 ], [ -97.800536, 30.608223 ], [ -97.797034, 30.599809 ], [ -97.80432, 30.590582 ], [ -97.796348, 30.589635 ], [ -97.79747, 30.58827 ], [ -97.794804, 30.585339 ], [ -97.792924, 30.587743 ], [ -97.793395, 30.590089 ], [ -97.792385, 30.588335 ], [ -97.786554, 30.589712 ], [ -97.786109, 30.588663 ], [ -97.78017, 30.59168 ], [ -97.778469, 30.587759 ], [ -97.787048, 30.584894 ], [ -97.786508, 30.583322 ], [ -97.791721, 30.585092 ], [ -97.792626, 30.582929 ], [ -97.78489, 30.576463 ], [ -97.780878, 30.5771 ], [ -97.781206, 30.574404 ], [ -97.778044, 30.569429 ], [ -97.770579, 30.571781 ], [ -97.768326, 30.566237 ], [ -97.773819, 30.564473 ], [ -97.762756, 30.549717 ], [ -97.777676, 30.546945 ], [ -97.776697, 30.544563 ], [ -97.778627, 30.543392 ], [ -97.7788, 30.539511 ], [ -97.779642, 30.544377 ], [ -97.782125, 30.546732 ], [ -97.781693, 30.545615 ], [ -97.802583, 30.539003 ], [ -97.80252, 30.537641 ], [ -97.813154, 30.535948 ], [ -97.816703, 30.537055 ], [ -97.816465, 30.540084 ], [ -97.819327, 30.550495 ], [ -97.817743, 30.544187 ], [ -97.834403, 30.539011 ], [ -97.838109, 30.539498 ], [ -97.840157, 30.544162 ], [ -97.846779, 30.542146 ], [ -97.845393, 30.537946 ], [ -97.847732, 30.535991 ], [ -97.860845, 30.532006 ], [ -97.865038, 30.533395 ], [ -97.869823, 30.529164 ], [ -97.871139, 30.524561 ], [ -97.874167, 30.52619 ], [ -97.881227, 30.519916 ], [ -97.880309, 30.519149 ], [ -97.882934, 30.51554 ], [ -97.881438, 30.512115 ], [ -97.876289, 30.512952 ], [ -97.880385, 30.508005 ], [ -97.878245, 30.507221 ], [ -97.874208, 30.509571 ], [ -97.873727, 30.507834 ], [ -97.871942, 30.508097 ], [ -97.871219, 30.511523 ], [ -97.868793, 30.513766 ], [ -97.868013, 30.512376 ], [ -97.865, 30.513488 ], [ -97.862639, 30.511583 ], [ -97.858393, 30.500831 ], [ -97.862248, 30.497309 ], [ -97.85922, 30.493305 ], [ -97.860399, 30.490151 ], [ -97.863534, 30.48859 ], [ -97.864109, 30.485566 ], [ -97.859644, 30.483404 ], [ -97.859664, 30.478951 ], [ -97.856951, 30.479842 ], [ -97.857746, 30.475689 ], [ -97.854762, 30.468857 ], [ -97.862531, 30.456913 ], [ -97.86112, 30.451191 ], [ -97.858037, 30.448298 ], [ -97.865564, 30.442526 ], [ -97.873715, 30.439857 ], [ -97.875523, 30.432633 ], [ -97.880013, 30.431125 ], [ -97.882315, 30.428347 ], [ -97.911087, 30.422215 ], [ -97.915457, 30.429511 ], [ -97.919979, 30.432968 ], [ -97.919944, 30.437641 ], [ -97.924671, 30.446802 ], [ -97.925771, 30.453268 ], [ -97.923936, 30.458649 ], [ -97.910527, 30.465512 ], [ -97.909638, 30.467402 ], [ -97.916417, 30.475457 ], [ -97.919605, 30.485948 ], [ -97.917833, 30.487466 ], [ -97.914664, 30.497257 ], [ -97.90855, 30.498654 ], [ -97.908456, 30.497479 ], [ -97.905159, 30.500579 ], [ -97.906051, 30.501946 ], [ -97.91053, 30.501079 ], [ -97.912588, 30.50239 ], [ -97.910715, 30.505218 ], [ -97.911746, 30.50639 ], [ -97.910579, 30.513455 ], [ -97.914824, 30.505337 ], [ -97.915888, 30.509071 ], [ -97.917547, 30.509828 ], [ -97.916162, 30.511006 ], [ -97.920077, 30.513365 ], [ -97.920215, 30.515471 ], [ -97.924493, 30.509013 ], [ -97.937693, 30.514302 ], [ -97.941847, 30.50771 ], [ -97.946113, 30.509697 ], [ -97.951036, 30.502642 ], [ -97.96782, 30.501236 ], [ -97.9677, 30.504586 ], [ -97.970055, 30.503555 ], [ -97.973651, 30.505954 ], [ -97.979539, 30.506073 ], [ -97.977596, 30.49677 ], [ -97.979016, 30.495885 ], [ -97.981829, 30.498136 ], [ -97.985066, 30.497106 ], [ -97.993103, 30.505709 ], [ -97.9821, 30.522362 ], [ -98.019484, 30.540076 ], [ -98.011837, 30.551781 ], [ -98.053695, 30.572141 ], [ -98.063759, 30.58227 ], [ -98.062455, 30.588131 ], [ -98.066559, 30.593103 ] ] ] } },
{ "type": "Feature", "properties": { "ZCTA5CE20": "78728" }, "geometry": { "type": "Polygon", "coordinates": [ [ [ -97.721149, 30.455835 ], [ -97.717935, 30.4584 ], [ -97.705484, 30.477244 ], [ -97.693921, 30.477665 ], [ -97.690618, 30.472309 ], [ -97.682893, 30.480066 ], [ -97.67424, 30.48079 ], [ -97.666313, 30.452522 ], [ -97.671594, 30.424418 ], [ -97.684754, 30.430895 ], [ -97.686062, 30.434528 ], [ -97.712122, 30.445286 ], [ -97.717958, 30.449069 ], [ -97.721149, 30.455835 ] ] ] } },
{ "type": "Feature", "properties": { "ZCTA5CE20": "78738" }, "geometry": { "type": "Polygon", "coordinates": [ [ [ -98.07453, 30.292595 ], [ -98.070332, 30.297303 ], [ -98.058108, 30.300703 ], [ -98.056586, 30.305468 ], [ -98.058654, 30.308655 ], [ -98.056287, 30.31086 ], [ -98.055556, 30.316209 ], [ -98.04694, 30.322522 ], [ -98.04354, 30.322802 ], [ -98.045284, 30.325501 ], [ -98.042749, 30.327523 ], [ -98.043852, 30.330315 ], [ -98.042603, 30.335062 ], [ -98.035681, 30.338833 ], [ -98.024524, 30.3315 ], [ -98.023494, 30.335879 ], [ -98.026501, 30.338163 ], [ -98.025953, 30.342912 ], [ -98.028233, 30.352688 ], [ -98.030036, 30.354441 ], [ -98.021482, 30.355858 ], [ -98.021907, 30.353797 ], [ -98.025663, 30.354071 ], [ -98.022598, 30.352224 ], [ -98.024539, 30.350939 ], [ -98.022257, 30.35084 ], [ -98.01725, 30.36803 ], [ -98.010546, 30.365336 ], [ -98.008425, 30.358844 ], [ -98.004872, 30.355471 ], [ -98.006072, 30.357693 ], [ -98.001734, 30.356106 ], [ -98.003219, 30.358548 ], [ -98.000415, 30.357875 ], [ -98.001468, 30.358901 ], [ -97.999578, 30.36043 ], [ -97.993936, 30.351564 ], [ -97.989345, 30.355912 ], [ -97.985989, 30.355398 ], [ -97.982564, 30.357369 ], [ -97.982563, 30.35511 ], [ -97.979526, 30.353709 ], [ -97.979803, 30.351908 ], [ -97.976883, 30.351427 ], [ -97.978209, 30.340313 ], [ -97.974621, 30.339466 ], [ -97.974867, 30.341619 ], [ -97.9731, 30.343373 ], [ -97.968647, 30.340904 ], [ -97.970374, 30.338798 ], [ -97.970426, 30.33436 ], [ -97.968908, 30.33454 ], [ -97.966601, 30.330047 ], [ -97.96138, 30.33327 ], [ -97.962638, 30.337153 ], [ -97.96163, 30.338987 ], [ -97.958176, 30.342048 ], [ -97.951089, 30.344099 ], [ -97.939635, 30.337769 ], [ -97.93671, 30.339179 ], [ -97.936233, 30.336584 ], [ -97.934048, 30.336451 ], [ -97.933988, 30.331403 ], [ -97.924687, 30.326003 ], [ -97.920662, 30.324942 ], [ -97.909413, 30.330453 ], [ -97.907379, 30.327775 ], [ -97.91169, 30.321077 ], [ -97.909513, 30.312898 ], [ -97.91075, 30.31105 ], [ -97.906819, 30.309388 ], [ -97.90713, 30.304707 ], [ -97.909809, 30.307092 ], [ -97.911637, 30.30661 ], [ -97.91897, 30.301201 ], [ -97.920275, 30.297719 ], [ -97.926033, 30.296276 ], [ -97.926491, 30.292181 ], [ -97.918465, 30.288919 ], [ -97.919059, 30.28759 ], [ -97.923071, 30.288964 ], [ -97.925854, 30.287472 ], [ -97.924671, 30.28358 ], [ -97.925802, 30.282166 ], [ -97.929235, 30.283438 ], [ -97.9275, 30.280573 ], [ -97.930589, 30.276744 ], [ -97.92961, 30.278872 ], [ -97.931874, 30.281733 ], [ -97.933707, 30.281348 ], [ -97.932404, 30.277694 ], [ -97.933802, 30.277509 ], [ -97.939562, 30.280956 ], [ -97.942299, 30.280787 ], [ -97.94208, 30.276165 ], [ -97.943676, 30.275184 ], [ -97.94775, 30.276839 ], [ -97.951964, 30.27559 ], [ -97.957346, 30.276953 ], [ -97.960455, 30.273894 ], [ -97.957058, 30.271804 ], [ -97.95636, 30.269416 ], [ -97.964513, 30.271247 ], [ -97.966599, 30.265358 ], [ -97.969061, 30.264737 ], [ -97.974677, 30.272154 ], [ -97.976879, 30.272042 ], [ -97.977476, 30.266908 ], [ -97.980062, 30.264945 ], [ -97.981614, 30.265703 ], [ -97.98295, 30.267438 ], [ -97.982705, 30.27216 ], [ -97.984892, 30.273417 ], [ -97.988124, 30.267518 ], [ -97.991921, 30.268229 ], [ -97.996201, 30.265925 ], [ -97.992136, 30.262649 ], [ -97.997519, 30.261356 ], [ -97.996774, 30.257856 ], [ -97.998901, 30.255382 ], [ -98.003504, 30.254135 ], [ -98.003081, 30.251166 ], [ -98.011402, 30.248618 ], [ -98.017593, 30.250004 ], [ -98.020004, 30.24883 ], [ -98.025456, 30.253856 ], [ -98.026708, 30.251686 ], [ -98.030672, 30.254514 ], [ -98.026574, 30.26074 ], [ -98.040252, 30.284319 ], [ -98.03642, 30.285768 ], [ -98.036829, 30.286703 ], [ -98.043953, 30.289859 ], [ -98.062882, 30.285822 ], [ -98.074751, 30.290919 ], [ -98.07453, 30.292595 ] ] ] } },
{ "type": "Feature", "properties": { "ZCTA5CE20": "78752" }, "geometry": { "type": "Polygon", "coordinates": [ [ [ -97.727604, 30.328526 ], [ -97.723709, 30.330117 ], [ -97.719555, 30.336702 ], [ -97.721495, 30.33765 ], [ -97.72097, 30.340265 ], [ -97.722695, 30.340902 ], [ -97.721642, 30.342668 ], [ -97.722511, 30.347109 ], [ -97.720548, 30.340819 ], [ -97.71735, 30.340156 ], [ -97.712439, 30.347805 ], [ -97.70571, 30.346388 ], [ -97.706652, 30.34503 ], [ -97.703617, 30.3428 ], [ -97.701234, 30.343583 ], [ -97.698583, 30.342195 ], [ -97.700553, 30.339569 ], [ -97.695309, 30.337072 ], [ -97.692559, 30.338522 ], [ -97.693178, 30.336038 ], [ -97.686222, 30.332839 ], [ -97.679171, 30.332568 ], [ -97.677073, 30.335199 ], [ -97.675834, 30.333192 ], [ -97.678892, 30.329217 ], [ -97.673228, 30.32572 ], [ -97.680886, 30.323202 ], [ -97.682499, 30.324513 ], [ -97.684876, 30.321856 ], [ -97.689084, 30.321491 ], [ -97.695254, 30.324451 ], [ -97.698047, 30.323909 ], [ -97.698492, 30.322215 ], [ -97.695388, 30.321472 ], [ -97.706165, 30.322295 ], [ -97.715374, 30.320422 ], [ -97.724557, 30.323918 ], [ -97.727604, 30.328526 ] ] ] } },
{ "type": "Feature", "properties": { "ZCTA5CE20": "78669" }, "geometry": { "type": "Polygon", "coordinates": [ [ [ -98.265261, 30.441034 ], [ -98.263147, 30.44783 ], [ -98.259916, 30.45189 ], [ -98.260619, 30.461935 ], [ -98.226157, 30.452747 ], [ -98.226059, 30.456567 ], [ -98.230687, 30.458156 ], [ -98.230649, 30.467719 ], [ -98.24385, 30.467756 ], [ -98.243909, 30.47418 ], [ -98.24698, 30.474267 ], [ -98.252936, 30.487288 ], [ -98.251345, 30.489833 ], [ -98.240139, 30.49311 ], [ -98.251601, 30.494549 ], [ -98.263749, 30.498398 ], [ -98.257483, 30.496757 ], [ -98.248573, 30.49708 ], [ -98.240156, 30.501963 ], [ -98.234991, 30.509301 ], [ -98.237033, 30.52109 ], [ -98.234929, 30.521778 ], [ -98.230905, 30.519975 ], [ -98.229282, 30.522248 ], [ -98.228952, 30.5314 ], [ -98.2224, 30.533243 ], [ -98.223814, 30.537002 ], [ -98.222861, 30.538932 ], [ -98.217503, 30.534716 ], [ -98.212758, 30.533354 ], [ -98.20628, 30.535385 ], [ -98.195581, 30.534902 ], [ -98.195636, 30.532386 ], [ -98.190266, 30.538629 ], [ -98.188678, 30.538845 ], [ -98.186326, 30.535257 ], [ -98.178695, 30.532474 ], [ -98.175976, 30.535896 ], [ -98.172608, 30.536455 ], [ -98.170384, 30.534256 ], [ -98.170806, 30.529447 ], [ -98.166773, 30.525702 ], [ -98.159553, 30.523312 ], [ -98.159131, 30.521964 ], [ -98.145764, 30.524297 ], [ -98.1425, 30.521163 ], [ -98.142403, 30.522852 ], [ -98.137484, 30.526223 ], [ -98.131095, 30.534839 ], [ -98.127554, 30.536737 ], [ -98.125773, 30.536277 ], [ -98.121618, 30.523513 ], [ -98.133727, 30.513349 ], [ -98.130887, 30.497585 ], [ -98.127638, 30.490366 ], [ -98.123126, 30.487041 ], [ -98.123111, 30.484723 ], [ -98.118165, 30.484793 ], [ -98.113723, 30.485576 ], [ -98.108284, 30.493576 ], [ -98.100861, 30.497463 ], [ -98.092534, 30.498034 ], [ -98.081686, 30.495682 ], [ -98.079558, 30.49317 ], [ -98.079654, 30.489571 ], [ -98.089798, 30.477571 ], [ -98.091334, 30.473347 ], [ -98.085638, 30.465443 ], [ -98.077829, 30.463252 ], [ -98.062517, 30.462452 ], [ -98.055277, 30.456523 ], [ -98.054186, 30.450911 ], [ -98.063277, 30.441991 ], [ -98.059364, 30.433925 ], [ -98.055524, 30.433059 ], [ -98.050644, 30.435109 ], [ -98.036292, 30.447685 ], [ -98.029044, 30.459652 ], [ -98.023781, 30.47626 ], [ -98.020724, 30.479412 ], [ -98.012164, 30.48058 ], [ -98.006004, 30.478116 ], [ -97.999124, 30.464229 ], [ -97.999396, 30.457061 ], [ -98.005935, 30.45037 ], [ -98.01189, 30.44918 ], [ -98.031854, 30.432239 ], [ -98.035884, 30.426014 ], [ -98.036666, 30.418419 ], [ -98.02949, 30.415768 ], [ -97.986765, 30.414621 ], [ -97.984546, 30.412702 ], [ -97.984109, 30.40791 ], [ -97.98815, 30.401738 ], [ -98.001712, 30.394674 ], [ -98.014786, 30.38212 ], [ -98.016073, 30.376977 ], [ -98.014849, 30.374451 ], [ -98.011938, 30.371368 ], [ -98.009106, 30.37116 ], [ -98.014807, 30.370477 ], [ -98.013622, 30.366772 ], [ -98.01725, 30.36803 ], [ -98.018706, 30.366308 ], [ -98.018999, 30.358644 ], [ -98.022257, 30.35084 ], [ -98.024539, 30.350939 ], [ -98.022598, 30.352224 ], [ -98.025663, 30.354071 ], [ -98.021907, 30.353797 ], [ -98.021482, 30.355858 ], [ -98.030036, 30.354441 ], [ -98.028233, 30.352688 ], [ -98.025953, 30.342912 ], [ -98.026501, 30.338163 ], [ -98.023494, 30.335879 ], [ -98.024524, 30.3315 ], [ -98.035681, 30.338833 ], [ -98.040182, 30.336918 ], [ -98.043949, 30.339621 ], [ -98.048639, 30.339318 ], [ -98.051017, 30.341588 ], [ -98.054405, 30.339997 ], [ -98.058641, 30.341886 ], [ -98.062515, 30.347795 ], [ -98.069349, 30.344225 ], [ -98.074107, 30.346394 ], [ -98.076759, 30.345201 ], [ -98.076578, 30.337237 ], [ -98.08188, 30.328185 ], [ -98.083461, 30.320408 ], [ -98.090551, 30.312137 ], [ -98.112049, 30.327749 ], [ -98.099977, 30.334711 ], [ -98.107729, 30.346518 ], [ -98.095011, 30.35355 ], [ -98.111415, 30.363207 ], [ -98.1141, 30.359229 ], [ -98.116368, 30.359966 ], [ -98.119018, 30.377414 ], [ -98.131841, 30.371956 ], [ -98.137544, 30.373223 ], [ -98.145216, 30.365281 ], [ -98.152151, 30.373166 ], [ -98.158922, 30.373215 ], [ -98.159266, 30.376651 ], [ -98.161673, 30.372897 ], [ -98.160503, 30.37624 ], [ -98.161728, 30.377657 ], [ -98.169584, 30.378827 ], [ -98.173676, 30.383481 ], [ -98.178853, 30.383905 ], [ -98.183015, 30.387388 ], [ -98.189055, 30.385346 ], [ -98.194601, 30.390027 ], [ -98.207338, 30.405186 ], [ -98.209624, 30.406116 ], [ -98.210174, 30.407453 ], [ -98.206517, 30.413163 ], [ -98.206677, 30.420337 ], [ -98.211941, 30.423681 ], [ -98.219215, 30.42494 ], [ -98.229626, 30.41411 ], [ -98.235387, 30.413242 ], [ -98.241329, 30.414659 ], [ -98.248748, 30.412966 ], [ -98.253723, 30.414339 ], [ -98.262855, 30.434913 ], [ -98.266464, 30.437885 ], [ -98.265261, 30.441034 ] ] ] } },
{ "type": "Feature", "properties": { "ZCTA5CE20": "78756" }, "geometry": { "type": "Polygon", "coordinates": [ [ [ -97.749749, 30.334495 ], [ -97.741908, 30.335104 ], [ -97.741639, 30.336253 ], [ -97.731118, 30.331675 ], [ -97.726326, 30.32596 ], [ -97.731865, 30.322262 ], [ -97.733537, 30.319415 ], [ -97.731455, 30.317762 ], [ -97.735966, 30.315259 ], [ -97.74311, 30.305195 ], [ -97.748842, 30.308964 ], [ -97.749292, 30.320717 ], [ -97.745498, 30.320406 ], [ -97.746358, 30.330421 ], [ -97.749749, 30.334495 ] ] ] } },
{ "type": "Feature", "properties": { "ZCTA5CE20": "78739" }, "geometry": { "type": "Polygon", "coordinates": [ [ [ -97.92927, 30.175021 ], [ -97.928856, 30.1862 ], [ -97.917972, 30.202874 ], [ -97.915941, 30.203774 ], [ -97.913998, 30.20311 ], [ -97.915112, 30.201134 ], [ -97.913972, 30.197097 ], [ -97.910996, 30.195608 ], [ -97.906539, 30.196861 ], [ -97.905059, 30.198969 ], [ -97.902742, 30.197702 ], [ -97.900524, 30.201097 ], [ -97.892162, 30.197025 ], [ -97.888791, 30.202384 ], [ -97.883371, 30.199972 ], [ -97.881783, 30.196736 ], [ -97.874782, 30.198095 ], [ -97.865543, 30.1947 ], [ -97.866003, 30.190843 ], [ -97.862961, 30.190602 ], [ -97.860948, 30.18858 ], [ -97.86389, 30.183631 ], [ -97.863375, 30.181876 ], [ -97.858404, 30.177383 ], [ -97.85932, 30.175744 ], [ -97.854987, 30.175414 ], [ -97.860154, 30.168459 ], [ -97.860191, 30.164126 ], [ -97.859889, 30.157126 ], [ -97.854857, 30.148482 ], [ -97.866846, 30.143471 ], [ -97.873955, 30.152337 ], [ -97.879893, 30.152264 ], [ -97.881538, 30.153944 ], [ -97.883522, 30.149067 ], [ -97.904655, 30.164297 ], [ -97.915514, 30.154872 ], [ -97.918674, 30.157806 ], [ -97.917855, 30.165258 ], [ -97.924303, 30.172806 ], [ -97.928069, 30.173035 ], [ -97.92927, 30.175021 ] ] ] } },
{ "type": "Feature", "properties": { "ZCTA5CE20": "78744" }, "geometry": { "type": "Polygon", "coordinates": [ [ [ -97.791497, 30.152819 ], [ -97.789315, 30.16015 ], [ -97.786254, 30.166975 ], [ -97.751925, 30.215613 ], [ -97.735728, 30.214208 ], [ -97.73508, 30.215351 ], [ -97.712509, 30.212432 ], [ -97.709635, 30.210716 ], [ -97.694914, 30.213227 ], [ -97.689923, 30.216897 ], [ -97.690366, 30.217918 ], [ -97.68331, 30.221701 ], [ -97.683747, 30.201627 ], [ -97.687754, 30.183 ], [ -97.68271, 30.178478 ], [ -97.682636, 30.175151 ], [ -97.681536, 30.175032 ], [ -97.683266, 30.175176 ], [ -97.684392, 30.175418 ], [ -97.687387, 30.178205 ], [ -97.689219, 30.176693 ], [ -97.694238, 30.159879 ], [ -97.692652, 30.157039 ], [ -97.696669, 30.151436 ], [ -97.696731, 30.14419 ], [ -97.699741, 30.145585 ], [ -97.708409, 30.131883 ], [ -97.709992, 30.131515 ], [ -97.708955, 30.131017 ], [ -97.710188, 30.12898 ], [ -97.716573, 30.132106 ], [ -97.714028, 30.136506 ], [ -97.718719, 30.137002 ], [ -97.719417, 30.138945 ], [ -97.717531, 30.142003 ], [ -97.719281, 30.142812 ], [ -97.722124, 30.138652 ], [ -97.722907, 30.139735 ], [ -97.724344, 30.143105 ], [ -97.723575, 30.145515 ], [ -97.725286, 30.146571 ], [ -97.724501, 30.148632 ], [ -97.730132, 30.151337 ], [ -97.728162, 30.154378 ], [ -97.734756, 30.157499 ], [ -97.736265, 30.162741 ], [ -97.741634, 30.165551 ], [ -97.746055, 30.158489 ], [ -97.750579, 30.160495 ], [ -97.751715, 30.15886 ], [ -97.748598, 30.157288 ], [ -97.749218, 30.156207 ], [ -97.759141, 30.158259 ], [ -97.764807, 30.151892 ], [ -97.772936, 30.154252 ], [ -97.775444, 30.157521 ], [ -97.778417, 30.157398 ], [ -97.782375, 30.154298 ], [ -97.78418, 30.15666 ], [ -97.78644, 30.155941 ], [ -97.789878, 30.157503 ], [ -97.791497, 30.152819 ] ] ] } },
{ "type": "Feature", "properties": { "ZCTA5CE20": "78759" }, "geometry": { "type": "Polygon", "coordinates": [ [ [ -97.804052, 30.41712 ], [ -97.806479, 30.417672 ], [ -97.793793, 30.420068 ], [ -97.793613, 30.422528 ], [ -97.785251, 30.423502 ], [ -97.785007, 30.426271 ], [ -97.778294, 30.431626 ], [ -97.779219, 30.434193 ], [ -97.775521, 30.436819 ], [ -97.766056, 30.432411 ], [ -97.758039, 30.43291 ], [ -97.758098, 30.430985 ], [ -97.751149, 30.429065 ], [ -97.753615, 30.426514 ], [ -97.748171, 30.423273 ], [ -97.7467, 30.419072 ], [ -97.742116, 30.417553 ], [ -97.74297, 30.416276 ], [ -97.741679, 30.415672 ], [ -97.738396, 30.415768 ], [ -97.731585, 30.412504 ], [ -97.729548, 30.416147 ], [ -97.726257, 30.411727 ], [ -97.722036, 30.411632 ], [ -97.715695, 30.421533 ], [ -97.708412, 30.417984 ], [ -97.710941, 30.410893 ], [ -97.716095, 30.409059 ], [ -97.715689, 30.405729 ], [ -97.718661, 30.400228 ], [ -97.719968, 30.400615 ], [ -97.71891, 30.404715 ], [ -97.721129, 30.404184 ], [ -97.72157, 30.405396 ], [ -97.728046, 30.40209 ], [ -97.728683, 30.396026 ], [ -97.743983, 30.361301 ], [ -97.746375, 30.361564 ], [ -97.754119, 30.367862 ], [ -97.755265, 30.365739 ], [ -97.759347, 30.368156 ], [ -97.758421, 30.369444 ], [ -97.756821, 30.368432 ], [ -97.758191, 30.369789 ], [ -97.757262, 30.371465 ], [ -97.761707, 30.368934 ], [ -97.768207, 30.370863 ], [ -97.769089, 30.37272 ], [ -97.766594, 30.377195 ], [ -97.766996, 30.381187 ], [ -97.770489, 30.383201 ], [ -97.771721, 30.389721 ], [ -97.773801, 30.390825 ], [ -97.778797, 30.389236 ], [ -97.783437, 30.391441 ], [ -97.778936, 30.394598 ], [ -97.783635, 30.396565 ], [ -97.788901, 30.394081 ], [ -97.811669, 30.404985 ], [ -97.804052, 30.41712 ] ] ] } },
{ "type": "Feature", "properties": { "ZCTA5CE20": "78758" }, "geometry": { "type": "Polygon", "coordinates": [ [ [ -97.736176, 30.378682 ], [ -97.728683, 30.396026 ], [ -97.728046, 30.40209 ], [ -97.72157, 30.405396 ], [ -97.721129, 30.404184 ], [ -97.71891, 30.404715 ], [ -97.719968, 30.400615 ], [ -97.718661, 30.400228 ], [ -97.715689, 30.405729 ], [ -97.716095, 30.409059 ], [ -97.710941, 30.410893 ], [ -97.710105, 30.415916 ], [ -97.70519, 30.421035 ], [ -97.678166, 30.407896 ], [ -97.679397, 30.399152 ], [ -97.681733, 30.400897 ], [ -97.681744, 30.398218 ], [ -97.680051, 30.397286 ], [ -97.680842, 30.394335 ], [ -97.687874, 30.385742 ], [ -97.684997, 30.384496 ], [ -97.686375, 30.38193 ], [ -97.691904, 30.38432 ], [ -97.693509, 30.382381 ], [ -97.687684, 30.37954 ], [ -97.693009, 30.370175 ], [ -97.695492, 30.370734 ], [ -97.698417, 30.365993 ], [ -97.699629, 30.366551 ], [ -97.69893, 30.364099 ], [ -97.701167, 30.36186 ], [ -97.701447, 30.358314 ], [ -97.700108, 30.357647 ], [ -97.704068, 30.354524 ], [ -97.706889, 30.356112 ], [ -97.708622, 30.354953 ], [ -97.705638, 30.353351 ], [ -97.713083, 30.346837 ], [ -97.717674, 30.349909 ], [ -97.715387, 30.352159 ], [ -97.71852, 30.354643 ], [ -97.71582, 30.356938 ], [ -97.716746, 30.360413 ], [ -97.719104, 30.361066 ], [ -97.719225, 30.362804 ], [ -97.71738, 30.363234 ], [ -97.718759, 30.368355 ], [ -97.736176, 30.378682 ] ] ] } },
{ "type": "Feature", "properties": { "ZCTA5CE20": "78726" }, "geometry": { "type": "Polygon", "coordinates": [ [ [ -97.886432, 30.42651 ], [ -97.880013, 30.431125 ], [ -97.875999, 30.432018 ], [ -97.873715, 30.439857 ], [ -97.865564, 30.442526 ], [ -97.857194, 30.448906 ], [ -97.847617, 30.45349 ], [ -97.845841, 30.457367 ], [ -97.841085, 30.459867 ], [ -97.843702, 30.461837 ], [ -97.836018, 30.464296 ], [ -97.826562, 30.457517 ], [ -97.819691, 30.450261 ], [ -97.812226, 30.446888 ], [ -97.815066, 30.44187 ], [ -97.818695, 30.442676 ], [ -97.814389, 30.437451 ], [ -97.814104, 30.432509 ], [ -97.815936, 30.430336 ], [ -97.814065, 30.426641 ], [ -97.814715, 30.424657 ], [ -97.813576, 30.422904 ], [ -97.807893, 30.421293 ], [ -97.808071, 30.419097 ], [ -97.814718, 30.418509 ], [ -97.821108, 30.415347 ], [ -97.824042, 30.406387 ], [ -97.831309, 30.402015 ], [ -97.832883, 30.398194 ], [ -97.844422, 30.393782 ], [ -97.844974, 30.398904 ], [ -97.847384, 30.399121 ], [ -97.850315, 30.403627 ], [ -97.863489, 30.405822 ], [ -97.866578, 30.409268 ], [ -97.868371, 30.412903 ], [ -97.867653, 30.414582 ], [ -97.869858, 30.416857 ], [ -97.869521, 30.420323 ], [ -97.872801, 30.425518 ], [ -97.87422, 30.423347 ], [ -97.877103, 30.423422 ], [ -97.878682, 30.429019 ], [ -97.881697, 30.425883 ], [ -97.883237, 30.427727 ], [ -97.886432, 30.42651 ] ] ] } },
{ "type": "Feature", "properties": { "ZCTA5CE20": "78645" }, "geometry": { "type": "Polygon", "coordinates": [ [ [ -98.037062, 30.420105 ], [ -98.035884, 30.426014 ], [ -98.031854, 30.432239 ], [ -98.01189, 30.44918 ], [ -98.005935, 30.45037 ], [ -97.999396, 30.457061 ], [ -97.999124, 30.464229 ], [ -98.003027, 30.473905 ], [ -98.006004, 30.478116 ], [ -98.010189, 30.480317 ], [ -97.999519, 30.493841 ], [ -97.999573, 30.498947 ], [ -98.002474, 30.504254 ], [ -98.0002, 30.504306 ], [ -97.997268, 30.507264 ], [ -97.991676, 30.505248 ], [ -97.985066, 30.497106 ], [ -97.981829, 30.498136 ], [ -97.979016, 30.495885 ], [ -97.97737, 30.498662 ], [ -97.979539, 30.506073 ], [ -97.973651, 30.505954 ], [ -97.970055, 30.503555 ], [ -97.9677, 30.504586 ], [ -97.96782, 30.501236 ], [ -97.951036, 30.502642 ], [ -97.946113, 30.509697 ], [ -97.941847, 30.50771 ], [ -97.937693, 30.514302 ], [ -97.924493, 30.509013 ], [ -97.920215, 30.515471 ], [ -97.920077, 30.513365 ], [ -97.916162, 30.511006 ], [ -97.917547, 30.509828 ], [ -97.915888, 30.509071 ], [ -97.914824, 30.505337 ], [ -97.910579, 30.513455 ], [ -97.911746, 30.50639 ], [ -97.910715, 30.505218 ], [ -97.912588, 30.50239 ], [ -97.91053, 30.501079 ], [ -97.906051, 30.501946 ], [ -97.905159, 30.500579 ], [ -97.908456, 30.497479 ], [ -97.90855, 30.498654 ], [ -97.914664, 30.497257 ], [ -97.917833, 30.487466 ], [ -97.919605, 30.485948 ], [ -97.916417, 30.475457 ], [ -97.909638, 30.467402 ], [ -97.910527, 30.465512 ], [ -97.923936, 30.458649 ], [ -97.925771, 30.453268 ], [ -97.924671, 30.446802 ], [ -97.919944, 30.437641 ], [ -97.919979, 30.432968 ], [ -97.92669, 30.436183 ], [ -97.938658, 30.437319 ], [ -97.94677, 30.434183 ], [ -97.951874, 30.426711 ], [ -97.95125, 30.419783 ], [ -97.940833, 30.404168 ], [ -97.941265, 30.398696 ], [ -97.944001, 30.394664 ], [ -97.968524, 30.39397 ], [ -97.974531, 30.39128 ], [ -97.989586, 30.377469 ], [ -98.011938, 30.371368 ], [ -98.016073, 30.376977 ], [ -98.014786, 30.38212 ], [ -98.001712, 30.394674 ], [ -97.98815, 30.401738 ], [ -97.985029, 30.40481 ], [ -97.984546, 30.412702 ], [ -97.989884, 30.414836 ], [ -98.030498, 30.415846 ], [ -98.036666, 30.418419 ], [ -98.037062, 30.420105 ] ] ] } },
{ "type": "Feature", "properties": { "ZCTA5CE20": "78704" }, "geometry": { "type": "Polygon", "coordinates": [ [ [ -97.800945, 30.245255 ], [ -97.789805, 30.242137 ], [ -97.789571, 30.246461 ], [ -97.796726, 30.248294 ], [ -97.795716, 30.253427 ], [ -97.784577, 30.258101 ], [ -97.785409, 30.260614 ], [ -97.780728, 30.262599 ], [ -97.767606, 30.264095 ], [ -97.760657, 30.267526 ], [ -97.744331, 30.261192 ], [ -97.740982, 30.254788 ], [ -97.735994, 30.250611 ], [ -97.735037, 30.244959 ], [ -97.747455, 30.223299 ], [ -97.743908, 30.21963 ], [ -97.743973, 30.216326 ], [ -97.751925, 30.215613 ], [ -97.769686, 30.223677 ], [ -97.769466, 30.226518 ], [ -97.772331, 30.227531 ], [ -97.779489, 30.227682 ], [ -97.780173, 30.226593 ], [ -97.790018, 30.230353 ], [ -97.790875, 30.228989 ], [ -97.792805, 30.22991 ], [ -97.791955, 30.231266 ], [ -97.797907, 30.23552 ], [ -97.802487, 30.244692 ], [ -97.800945, 30.245255 ] ] ] } },
{ "type": "Feature", "properties": { "ZCTA5CE20": "78751" }, "geometry": { "type": "Polygon", "coordinates": [ [ [ -97.735796, 30.30639 ], [ -97.732976, 30.310843 ], [ -97.737571, 30.313464 ], [ -97.732176, 30.316699 ], [ -97.731133, 30.318265 ], [ -97.733537, 30.319415 ], [ -97.728193, 30.325824 ], [ -97.715374, 30.320422 ], [ -97.706858, 30.322197 ], [ -97.70943, 30.311346 ], [ -97.72013, 30.294284 ], [ -97.737643, 30.303493 ], [ -97.735796, 30.30639 ] ] ] } },
{ "type": "Feature", "properties": { "ZCTA5CE20": "78705" }, "geometry": { "type": "Polygon", "coordinates": [ [ [ -97.753314, 30.288686 ], [ -97.750998, 30.29201 ], [ -97.747395, 30.292766 ], [ -97.749918, 30.297952 ], [ -97.74711, 30.299484 ], [ -97.75009, 30.302673 ], [ -97.747589, 30.305624 ], [ -97.748003, 30.307218 ], [ -97.74311, 30.305195 ], [ -97.737571, 30.313464 ], [ -97.732976, 30.310843 ], [ -97.737643, 30.303493 ], [ -97.72013, 30.294284 ], [ -97.72508, 30.286556 ], [ -97.730922, 30.289206 ], [ -97.734096, 30.28818 ], [ -97.736025, 30.293176 ], [ -97.736583, 30.291654 ], [ -97.738927, 30.291824 ], [ -97.73953, 30.287535 ], [ -97.741354, 30.289813 ], [ -97.742199, 30.28948 ], [ -97.741906, 30.283797 ], [ -97.737434, 30.283469 ], [ -97.737022, 30.287349 ], [ -97.733534, 30.287059 ], [ -97.733547, 30.280852 ], [ -97.735709, 30.279977 ], [ -97.746625, 30.284144 ], [ -97.746735, 30.283104 ], [ -97.752116, 30.283614 ], [ -97.750765, 30.28195 ], [ -97.750432, 30.28056 ], [ -97.75091, 30.279995 ], [ -97.751297, 30.282419 ], [ -97.754481, 30.284522 ], [ -97.753314, 30.288686 ] ] ] } },
{ "type": "Feature", "properties": { "ZCTA5CE20": "78749" }, "geometry": { "type": "Polygon", "coordinates": [ [ [ -97.893966, 30.21919 ], [ -97.892601, 30.221997 ], [ -97.884844, 30.218535 ], [ -97.880485, 30.222817 ], [ -97.877644, 30.221454 ], [ -97.877716, 30.224394 ], [ -97.873094, 30.222583 ], [ -97.871693, 30.223758 ], [ -97.874044, 30.225371 ], [ -97.8785, 30.225468 ], [ -97.876943, 30.226387 ], [ -97.877171, 30.22833 ], [ -97.879293, 30.230783 ], [ -97.872614, 30.233944 ], [ -97.860644, 30.235296 ], [ -97.845697, 30.233804 ], [ -97.84619, 30.236393 ], [ -97.831903, 30.236742 ], [ -97.820568, 30.233769 ], [ -97.829056, 30.223719 ], [ -97.825272, 30.222157 ], [ -97.83109, 30.212822 ], [ -97.832282, 30.213429 ], [ -97.834199, 30.211272 ], [ -97.83199, 30.211386 ], [ -97.835915, 30.205561 ], [ -97.836887, 30.206025 ], [ -97.838832, 30.200862 ], [ -97.840516, 30.201745 ], [ -97.841282, 30.200228 ], [ -97.845281, 30.202159 ], [ -97.849049, 30.197262 ], [ -97.84235, 30.195341 ], [ -97.85324, 30.178241 ], [ -97.859317, 30.178462 ], [ -97.858404, 30.177383 ], [ -97.863375, 30.181876 ], [ -97.86389, 30.183631 ], [ -97.860948, 30.18858 ], [ -97.862961, 30.190602 ], [ -97.866003, 30.190843 ], [ -97.865543, 30.1947 ], [ -97.874782, 30.198095 ], [ -97.881783, 30.196736 ], [ -97.883371, 30.199972 ], [ -97.888791, 30.202384 ], [ -97.886888, 30.205368 ], [ -97.892924, 30.21246 ], [ -97.893966, 30.21919 ] ] ] } },
{ "type": "Feature", "properties": { "ZCTA5CE20": "78702" }, "geometry": { "type": "Polygon", "coordinates": [ [ [ -97.737174, 30.259136 ], [ -97.730048, 30.278506 ], [ -97.70966, 30.282774 ], [ -97.708497, 30.281826 ], [ -97.708559, 30.285939 ], [ -97.708166, 30.28188 ], [ -97.701711, 30.282911 ], [ -97.701423, 30.281389 ], [ -97.703036, 30.281153 ], [ -97.698437, 30.274661 ], [ -97.696272, 30.268101 ], [ -97.694363, 30.267432 ], [ -97.695509, 30.26561 ], [ -97.693864, 30.260094 ], [ -97.69098, 30.258525 ], [ -97.6925, 30.25509 ], [ -97.69128, 30.245176 ], [ -97.699581, 30.246909 ], [ -97.701878, 30.250204 ], [ -97.705281, 30.250609 ], [ -97.713506, 30.250432 ], [ -97.723758, 30.246603 ], [ -97.729782, 30.248109 ], [ -97.735994, 30.250611 ], [ -97.737174, 30.259136 ] ] ] } },
{ "type": "Feature", "properties": { "ZCTA5CE20": "78731" }, "geometry": { "type": "Polygon", "coordinates": [ [ [ -97.796826, 30.349986 ], [ -97.791352, 30.359289 ], [ -97.789432, 30.368152 ], [ -97.794957, 30.371908 ], [ -97.788153, 30.369747 ], [ -97.784672, 30.372662 ], [ -97.783726, 30.377598 ], [ -97.781603, 30.378797 ], [ -97.778267, 30.378058 ], [ -97.771415, 30.38276 ], [ -97.771517, 30.385661 ], [ -97.774931, 30.390387 ], [ -97.771721, 30.389721 ], [ -97.770489, 30.383201 ], [ -97.766996, 30.381187 ], [ -97.766594, 30.377195 ], [ -97.769089, 30.37272 ], [ -97.768207, 30.370863 ], [ -97.761707, 30.368934 ], [ -97.757262, 30.371465 ], [ -97.758191, 30.369789 ], [ -97.756821, 30.368432 ], [ -97.758421, 30.369444 ], [ -97.759347, 30.368156 ], [ -97.755265, 30.365739 ], [ -97.754119, 30.367862 ], [ -97.746375, 30.361564 ], [ -97.743419, 30.361301 ], [ -97.755277, 30.336413 ], [ -97.749749, 30.334495 ], [ -97.746358, 30.330421 ], [ -97.745498, 30.320406 ], [ -97.749292, 30.320717 ], [ -97.748003, 30.307218 ], [ -97.75764, 30.309037 ], [ -97.757048, 30.324072 ], [ -97.758649, 30.326001 ], [ -97.763778, 30.327346 ], [ -97.768702, 30.321054 ], [ -97.764001, 30.318696 ], [ -97.767277, 30.313608 ], [ -97.76904, 30.314529 ], [ -97.773834, 30.312598 ], [ -97.775884, 30.313606 ], [ -97.776072, 30.322177 ], [ -97.779747, 30.330537 ], [ -97.788302, 30.343561 ], [ -97.796826, 30.349986 ] ] ] } },
{ "type": "Feature", "properties": { "ZCTA5CE20": "78742" }, "geometry": { "type": "Polygon", "coordinates": [ [ [ -97.69128, 30.245176 ], [ -97.682457, 30.24629 ], [ -97.675138, 30.249332 ], [ -97.671667, 30.254314 ], [ -97.659043, 30.261876 ], [ -97.644362, 30.263019 ], [ -97.641762, 30.261774 ], [ -97.641574, 30.257127 ], [ -97.626229, 30.255112 ], [ -97.626627, 30.248323 ], [ -97.633153, 30.239905 ], [ -97.647743, 30.236407 ], [ -97.657008, 30.229392 ], [ -97.658797, 30.22676 ], [ -97.654996, 30.217904 ], [ -97.65878, 30.22491 ], [ -97.65918, 30.22681 ], [ -97.658494, 30.228285 ], [ -97.661689, 30.22526 ], [ -97.66627, 30.227488 ], [ -97.666856, 30.225334 ], [ -97.673975, 30.22618 ], [ -97.670309, 30.221174 ], [ -97.668783, 30.222492 ], [ -97.666583, 30.22082 ], [ -97.66892, 30.218624 ], [ -97.679174, 30.223987 ], [ -97.69128, 30.245176 ] ] ] } },
{ "type": "Feature", "properties": { "ZCTA5CE20": "78660" }, "geometry": { "type": "Polygon", "coordinates": [ [ [ -97.671594, 30.424418 ], [ -97.666313, 30.452522 ], [ -97.670706, 30.469875 ], [ -97.667726, 30.469078 ], [ -97.664585, 30.460801 ], [ -97.659792, 30.460385 ], [ -97.659509, 30.461888 ], [ -97.650863, 30.457113 ], [ -97.646309, 30.46314 ], [ -97.647484, 30.467657 ], [ -97.644208, 30.466552 ], [ -97.642808, 30.468776 ], [ -97.642819, 30.470859 ], [ -97.645998, 30.472143 ], [ -97.641233, 30.472334 ], [ -97.643504, 30.478147 ], [ -97.64152, 30.481826 ], [ -97.635598, 30.480889 ], [ -97.633633, 30.48401 ], [ -97.623068, 30.487862 ], [ -97.615241, 30.48792 ], [ -97.615275, 30.489546 ], [ -97.610186, 30.489999 ], [ -97.60954, 30.487957 ], [ -97.600116, 30.48809 ], [ -97.600164, 30.4936 ], [ -97.595161, 30.493674 ], [ -97.594944, 30.497233 ], [ -97.592935, 30.4975 ], [ -97.592513, 30.493859 ], [ -97.58439, 30.493856 ], [ -97.581177, 30.500751 ], [ -97.568255, 30.499725 ], [ -97.568886, 30.496162 ], [ -97.563769, 30.495557 ], [ -97.563456, 30.491832 ], [ -97.552964, 30.490295 ], [ -97.551978, 30.487448 ], [ -97.553621, 30.480772 ], [ -97.54949, 30.480249 ], [ -97.550068, 30.476483 ], [ -97.546079, 30.47542 ], [ -97.543141, 30.479161 ], [ -97.54412, 30.479596 ], [ -97.528151, 30.475434 ], [ -97.527116, 30.474646 ], [ -97.528083, 30.468645 ], [ -97.524371, 30.467967 ], [ -97.525428, 30.461725 ], [ -97.533075, 30.449844 ], [ -97.535799, 30.451024 ], [ -97.543524, 30.439275 ], [ -97.546505, 30.440828 ], [ -97.547364, 30.436244 ], [ -97.5491, 30.43503 ], [ -97.550154, 30.435939 ], [ -97.552679, 30.433354 ], [ -97.550559, 30.432536 ], [ -97.552413, 30.42978 ], [ -97.541599, 30.424999 ], [ -97.538649, 30.428077 ], [ -97.532862, 30.425523 ], [ -97.531956, 30.42695 ], [ -97.53063, 30.420822 ], [ -97.526496, 30.417411 ], [ -97.526732, 30.414676 ], [ -97.523156, 30.414014 ], [ -97.526602, 30.408726 ], [ -97.536879, 30.413571 ], [ -97.551035, 30.392017 ], [ -97.568427, 30.400455 ], [ -97.569206, 30.399003 ], [ -97.576165, 30.402216 ], [ -97.577722, 30.39976 ], [ -97.581878, 30.401829 ], [ -97.58312, 30.406026 ], [ -97.585666, 30.402359 ], [ -97.593911, 30.40626 ], [ -97.589509, 30.413088 ], [ -97.594955, 30.415745 ], [ -97.593735, 30.420922 ], [ -97.59662, 30.416554 ], [ -97.600495, 30.418291 ], [ -97.601504, 30.416718 ], [ -97.604266, 30.41805 ], [ -97.604331, 30.416139 ], [ -97.602085, 30.416447 ], [ -97.601863, 30.412991 ], [ -97.599842, 30.412892 ], [ -97.601962, 30.408712 ], [ -97.598414, 30.407296 ], [ -97.599411, 30.405282 ], [ -97.601164, 30.405625 ], [ -97.601088, 30.40398 ], [ -97.59886, 30.403077 ], [ -97.600705, 30.40073 ], [ -97.597996, 30.399953 ], [ -97.598847, 30.397846 ], [ -97.596548, 30.397685 ], [ -97.597241, 30.396254 ], [ -97.593501, 30.396573 ], [ -97.60243, 30.383341 ], [ -97.605092, 30.384602 ], [ -97.609523, 30.39194 ], [ -97.613868, 30.3944 ], [ -97.611926, 30.392949 ], [ -97.61616, 30.386327 ], [ -97.627348, 30.391803 ], [ -97.632723, 30.396647 ], [ -97.633793, 30.401017 ], [ -97.638504, 30.403749 ], [ -97.637861, 30.404734 ], [ -97.641698, 30.406502 ], [ -97.642086, 30.408449 ], [ -97.647009, 30.409671 ], [ -97.647808, 30.410546 ], [ -97.645437, 30.414172 ], [ -97.648578, 30.409603 ], [ -97.651993, 30.412964 ], [ -97.648327, 30.418773 ], [ -97.645646, 30.419288 ], [ -97.647186, 30.420377 ], [ -97.645535, 30.423132 ], [ -97.647881, 30.424738 ], [ -97.646701, 30.428536 ], [ -97.64999, 30.429278 ], [ -97.65099, 30.427702 ], [ -97.656583, 30.430411 ], [ -97.656877, 30.4236 ], [ -97.651062, 30.420084 ], [ -97.65456, 30.414355 ], [ -97.665009, 30.421454 ], [ -97.664915, 30.424956 ], [ -97.665768, 30.421822 ], [ -97.668734, 30.423335 ], [ -97.665244, 30.428846 ], [ -97.666507, 30.429621 ], [ -97.670059, 30.43019 ], [ -97.671594, 30.424418 ] ] ] } },
{ "type": "Feature", "properties": { "ZCTA5CE20": "78664" }, "geometry": { "type": "Polygon", "coordinates": [ [ [ -97.692605, 30.553707 ], [ -97.691934, 30.540148 ], [ -97.688876, 30.540872 ], [ -97.687892, 30.536041 ], [ -97.68179, 30.536262 ], [ -97.678508, 30.541266 ], [ -97.674748, 30.541126 ], [ -97.673611, 30.538266 ], [ -97.655967, 30.541657 ], [ -97.6523, 30.540917 ], [ -97.652893, 30.538271 ], [ -97.65165, 30.538312 ], [ -97.650814, 30.543351 ], [ -97.650225, 30.543287 ], [ -97.652255, 30.528685 ], [ -97.655688, 30.52114 ], [ -97.654275, 30.515705 ], [ -97.656005, 30.514154 ], [ -97.647252, 30.515437 ], [ -97.644263, 30.509561 ], [ -97.645259, 30.496311 ], [ -97.616102, 30.497395 ], [ -97.616165, 30.500092 ], [ -97.613343, 30.500688 ], [ -97.616178, 30.501492 ], [ -97.616255, 30.50427 ], [ -97.613403, 30.504269 ], [ -97.613543, 30.510633 ], [ -97.616417, 30.51056 ], [ -97.616509, 30.515389 ], [ -97.61377, 30.515394 ], [ -97.614527, 30.531674 ], [ -97.588719, 30.535446 ], [ -97.58856, 30.531465 ], [ -97.589874, 30.530928 ], [ -97.586818, 30.529452 ], [ -97.584456, 30.525831 ], [ -97.588719, 30.526551 ], [ -97.591926, 30.522546 ], [ -97.589466, 30.515298 ], [ -97.589842, 30.498793 ], [ -97.588793, 30.497915 ], [ -97.594944, 30.497233 ], [ -97.595161, 30.493674 ], [ -97.600164, 30.4936 ], [ -97.600116, 30.48809 ], [ -97.60954, 30.487957 ], [ -97.610186, 30.489999 ], [ -97.615275, 30.489546 ], [ -97.615241, 30.48792 ], [ -97.623068, 30.487862 ], [ -97.633633, 30.48401 ], [ -97.635598, 30.480889 ], [ -97.64152, 30.481826 ], [ -97.643504, 30.478147 ], [ -97.641233, 30.472334 ], [ -97.645998, 30.472143 ], [ -97.642819, 30.470859 ], [ -97.642808, 30.468776 ], [ -97.644208, 30.466552 ], [ -97.647484, 30.467657 ], [ -97.646309, 30.46314 ], [ -97.650863, 30.457113 ], [ -97.659509, 30.461888 ], [ -97.659792, 30.460385 ], [ -97.664585, 30.460801 ], [ -97.667726, 30.469078 ], [ -97.670706, 30.469875 ], [ -97.678569, 30.494285 ], [ -97.686199, 30.50975 ], [ -97.69222, 30.535364 ], [ -97.692605, 30.553707 ] ] ] } },
{ "type": "Feature", "properties": { "ZCTA5CE20": "78681" }, "geometry": { "type": "Polygon", "coordinates": [ [ [ -97.764977, 30.552745 ], [ -97.759583, 30.555818 ], [ -97.758706, 30.553683 ], [ -97.757035, 30.558132 ], [ -97.75466, 30.559642 ], [ -97.754987, 30.562192 ], [ -97.751272, 30.563397 ], [ -97.756158, 30.57625 ], [ -97.745862, 30.579364 ], [ -97.747893, 30.584479 ], [ -97.738846, 30.58862 ], [ -97.736443, 30.587488 ], [ -97.732286, 30.58865 ], [ -97.727937, 30.586781 ], [ -97.727326, 30.584873 ], [ -97.724707, 30.586589 ], [ -97.721991, 30.585237 ], [ -97.72051, 30.581057 ], [ -97.704677, 30.574175 ], [ -97.703022, 30.571897 ], [ -97.693463, 30.575146 ], [ -97.694583, 30.577246 ], [ -97.692791, 30.588205 ], [ -97.686458, 30.607654 ], [ -97.692996, 30.582937 ], [ -97.69222, 30.535364 ], [ -97.686199, 30.50975 ], [ -97.678569, 30.494285 ], [ -97.67424, 30.48079 ], [ -97.682893, 30.480066 ], [ -97.690618, 30.472309 ], [ -97.693921, 30.477665 ], [ -97.705484, 30.477244 ], [ -97.703226, 30.480686 ], [ -97.70792, 30.491267 ], [ -97.704937, 30.491847 ], [ -97.70603, 30.494558 ], [ -97.704751, 30.495059 ], [ -97.705793, 30.498174 ], [ -97.707927, 30.497501 ], [ -97.708752, 30.50118 ], [ -97.703284, 30.503123 ], [ -97.703691, 30.505209 ], [ -97.70034, 30.506252 ], [ -97.701747, 30.512452 ], [ -97.716457, 30.506786 ], [ -97.721754, 30.499045 ], [ -97.716532, 30.494629 ], [ -97.719573, 30.487521 ], [ -97.7257, 30.493671 ], [ -97.736721, 30.495523 ], [ -97.740773, 30.501255 ], [ -97.737016, 30.510418 ], [ -97.74045, 30.510572 ], [ -97.741759, 30.513808 ], [ -97.737325, 30.51521 ], [ -97.739025, 30.519669 ], [ -97.747233, 30.520019 ], [ -97.752468, 30.527949 ], [ -97.763147, 30.531456 ], [ -97.762834, 30.536041 ], [ -97.764914, 30.540763 ], [ -97.759957, 30.542831 ], [ -97.764977, 30.552745 ] ] ] } },
{ "type": "Feature", "properties": { "ZCTA5CE20": "78701" }, "geometry": { "type": "Polygon", "coordinates": [ [ [ -97.751587, 30.267566 ], [ -97.750586, 30.270296 ], [ -97.751999, 30.274222 ], [ -97.750167, 30.276493 ], [ -97.752116, 30.283614 ], [ -97.745062, 30.284038 ], [ -97.745175, 30.282663 ], [ -97.735709, 30.279977 ], [ -97.736009, 30.275989 ], [ -97.731522, 30.274725 ], [ -97.737174, 30.259136 ], [ -97.735994, 30.250611 ], [ -97.740982, 30.254788 ], [ -97.744331, 30.261192 ], [ -97.753843, 30.266091 ], [ -97.751587, 30.267566 ] ] ] } },
{ "type": "Feature", "properties": { "ZCTA5CE20": "78703" }, "geometry": { "type": "Polygon", "coordinates": [ [ [ -97.785921, 30.297505 ], [ -97.777884, 30.308306 ], [ -97.775884, 30.313606 ], [ -97.773834, 30.312598 ], [ -97.76904, 30.314529 ], [ -97.767277, 30.313608 ], [ -97.764001, 30.318696 ], [ -97.768702, 30.321054 ], [ -97.763778, 30.327346 ], [ -97.758649, 30.326001 ], [ -97.75633, 30.318529 ], [ -97.75764, 30.309037 ], [ -97.748003, 30.307218 ], [ -97.747589, 30.305624 ], [ -97.75009, 30.302673 ], [ -97.74711, 30.299484 ], [ -97.749918, 30.297952 ], [ -97.747395, 30.292766 ], [ -97.750998, 30.29201 ], [ -97.754481, 30.284522 ], [ -97.751297, 30.282419 ], [ -97.750167, 30.276493 ], [ -97.751999, 30.274222 ], [ -97.750586, 30.270296 ], [ -97.753843, 30.266091 ], [ -97.751176, 30.265281 ], [ -97.752036, 30.264186 ], [ -97.769682, 30.27162 ], [ -97.784268, 30.28431 ], [ -97.785921, 30.297505 ] ] ] } },
{ "type": "Feature", "properties": { "ZCTA5CE20": "78712" }, "geometry": { "type": "Polygon", "coordinates": [ [ [ -97.742199, 30.28948 ], [ -97.741354, 30.289813 ], [ -97.73953, 30.287535 ], [ -97.738927, 30.291824 ], [ -97.736583, 30.291654 ], [ -97.736025, 30.293176 ], [ -97.734096, 30.28818 ], [ -97.730922, 30.289206 ], [ -97.72508, 30.286556 ], [ -97.727401, 30.283078 ], [ -97.726028, 30.283144 ], [ -97.725138, 30.279105 ], [ -97.730048, 30.278506 ], [ -97.731522, 30.274725 ], [ -97.736009, 30.275989 ], [ -97.735709, 30.279977 ], [ -97.733547, 30.280852 ], [ -97.733534, 30.287059 ], [ -97.737022, 30.287349 ], [ -97.737434, 30.283469 ], [ -97.741906, 30.283797 ], [ -97.742199, 30.28948 ] ] ] } },
{ "type": "Feature", "properties": { "ZCTA5CE20": "78730" }, "geometry": { "type": "Polygon", "coordinates": [ [ [ -97.898142, 30.341592 ], [ -97.889183, 30.343894 ], [ -97.89027, 30.346629 ], [ -97.879435, 30.36008 ], [ -97.884049, 30.362349 ], [ -97.878271, 30.371123 ], [ -97.871596, 30.369561 ], [ -97.870287, 30.371791 ], [ -97.873935, 30.374366 ], [ -97.863655, 30.385667 ], [ -97.849333, 30.394376 ], [ -97.851567, 30.396316 ], [ -97.849485, 30.39735 ], [ -97.853683, 30.404395 ], [ -97.852056, 30.402904 ], [ -97.850315, 30.403627 ], [ -97.847384, 30.399121 ], [ -97.844974, 30.398904 ], [ -97.844422, 30.393782 ], [ -97.836601, 30.395853 ], [ -97.83904, 30.392208 ], [ -97.835189, 30.392085 ], [ -97.83423, 30.394034 ], [ -97.831209, 30.394888 ], [ -97.830936, 30.39181 ], [ -97.818251, 30.383421 ], [ -97.817985, 30.385575 ], [ -97.810281, 30.385201 ], [ -97.807675, 30.389264 ], [ -97.807128, 30.386657 ], [ -97.804309, 30.384735 ], [ -97.804656, 30.376505 ], [ -97.80306, 30.371016 ], [ -97.791352, 30.359289 ], [ -97.796826, 30.349986 ], [ -97.802379, 30.352171 ], [ -97.806937, 30.351499 ], [ -97.825661, 30.32907 ], [ -97.830636, 30.325226 ], [ -97.835878, 30.323921 ], [ -97.842668, 30.32622 ], [ -97.847465, 30.346705 ], [ -97.850631, 30.351292 ], [ -97.857186, 30.354703 ], [ -97.86197, 30.354274 ], [ -97.874417, 30.346169 ], [ -97.880377, 30.344054 ], [ -97.898142, 30.341592 ] ] ] } },
{ "type": "Feature", "properties": { "ZCTA5CE20": "78734" }, "geometry": { "type": "Polygon", "coordinates": [ [ [ -98.014807, 30.370477 ], [ -97.989586, 30.377469 ], [ -97.974531, 30.39128 ], [ -97.968524, 30.39397 ], [ -97.944001, 30.394664 ], [ -97.941265, 30.398696 ], [ -97.940833, 30.404168 ], [ -97.95125, 30.419783 ], [ -97.951874, 30.426711 ], [ -97.94677, 30.434183 ], [ -97.938658, 30.437319 ], [ -97.92669, 30.436183 ], [ -97.915457, 30.429511 ], [ -97.90084, 30.400763 ], [ -97.899426, 30.395243 ], [ -97.913417, 30.388232 ], [ -97.914483, 30.384781 ], [ -97.913516, 30.362642 ], [ -97.916788, 30.354402 ], [ -97.934048, 30.336451 ], [ -97.936233, 30.336584 ], [ -97.93671, 30.339179 ], [ -97.939635, 30.337769 ], [ -97.951089, 30.344099 ], [ -97.955792, 30.343193 ], [ -97.96163, 30.338987 ], [ -97.962638, 30.337153 ], [ -97.96138, 30.33327 ], [ -97.966601, 30.330047 ], [ -97.968908, 30.33454 ], [ -97.970426, 30.33436 ], [ -97.970374, 30.338798 ], [ -97.968647, 30.340904 ], [ -97.9731, 30.343373 ], [ -97.974867, 30.341619 ], [ -97.974621, 30.339466 ], [ -97.978209, 30.340313 ], [ -97.976883, 30.351427 ], [ -97.979803, 30.351908 ], [ -97.979526, 30.353709 ], [ -97.982563, 30.35511 ], [ -97.982564, 30.357369 ], [ -97.985989, 30.355398 ], [ -97.989345, 30.355912 ], [ -97.993936, 30.351564 ], [ -97.999578, 30.36043 ], [ -98.001468, 30.358901 ], [ -98.000415, 30.357875 ], [ -98.003219, 30.358548 ], [ -98.001734, 30.356106 ], [ -98.006072, 30.357693 ], [ -98.004872, 30.355471 ], [ -98.008425, 30.358844 ], [ -98.008898, 30.363116 ], [ -98.013622, 30.366772 ], [ -98.014807, 30.370477 ] ] ] } },
{ "type": "Feature", "properties": { "ZCTA5CE20": "78737" }, "geometry": { "type": "Polygon", "coordinates": [ [ [ -98.037536, 30.229085 ], [ -98.032663, 30.232446 ], [ -98.032562, 30.237044 ], [ -98.013751, 30.236298 ], [ -98.010831, 30.240339 ], [ -98.004987, 30.23412 ], [ -97.999899, 30.232508 ], [ -97.982591, 30.220149 ], [ -97.981527, 30.225287 ], [ -97.977903, 30.224293 ], [ -97.972942, 30.219998 ], [ -97.971505, 30.222233 ], [ -97.967247, 30.220096 ], [ -97.963296, 30.226167 ], [ -97.955914, 30.221991 ], [ -97.959316, 30.219817 ], [ -97.953972, 30.217616 ], [ -97.952216, 30.2203 ], [ -97.953309, 30.223307 ], [ -97.938123, 30.229603 ], [ -97.925981, 30.231971 ], [ -97.929572, 30.226129 ], [ -97.924862, 30.223967 ], [ -97.91848, 30.223461 ], [ -97.921368, 30.232766 ], [ -97.909356, 30.234439 ], [ -97.888305, 30.229195 ], [ -97.894326, 30.218286 ], [ -97.892924, 30.21246 ], [ -97.886888, 30.205368 ], [ -97.892162, 30.197025 ], [ -97.900524, 30.201097 ], [ -97.902742, 30.197702 ], [ -97.905059, 30.198969 ], [ -97.906539, 30.196861 ], [ -97.910996, 30.195608 ], [ -97.913972, 30.197097 ], [ -97.915112, 30.201134 ], [ -97.913998, 30.20311 ], [ -97.917972, 30.202874 ], [ -97.928856, 30.1862 ], [ -97.929269, 30.174506 ], [ -97.928069, 30.173035 ], [ -97.924303, 30.172806 ], [ -97.917855, 30.165258 ], [ -97.918674, 30.157806 ], [ -97.915514, 30.154872 ], [ -97.956634, 30.120807 ], [ -97.956535, 30.128515 ], [ -97.972047, 30.12876 ], [ -97.972218, 30.152296 ], [ -97.985989, 30.146851 ], [ -97.990566, 30.1488 ], [ -97.995268, 30.153754 ], [ -98.008778, 30.153469 ], [ -98.00845, 30.166721 ], [ -98.00298, 30.176643 ], [ -98.000104, 30.19004 ], [ -97.997235, 30.192411 ], [ -97.997387, 30.196842 ], [ -98.012769, 30.196826 ], [ -98.016337, 30.207127 ], [ -98.022522, 30.210652 ], [ -98.023707, 30.214478 ], [ -98.022467, 30.215039 ], [ -98.024886, 30.215794 ], [ -98.026961, 30.222256 ], [ -98.030133, 30.222219 ], [ -98.030325, 30.226224 ], [ -98.03668, 30.227055 ], [ -98.037536, 30.229085 ] ] ] } },
{ "type": "Feature", "properties": { "ZCTA5CE20": "78747" }, "geometry": { "type": "Polygon", "coordinates": [ [ [ -97.804351, 30.118627 ], [ -97.789878, 30.157503 ], [ -97.78644, 30.155941 ], [ -97.78418, 30.15666 ], [ -97.782375, 30.154298 ], [ -97.778417, 30.157398 ], [ -97.775444, 30.157521 ], [ -97.772936, 30.154252 ], [ -97.764807, 30.151892 ], [ -97.759141, 30.158259 ], [ -97.749218, 30.156207 ], [ -97.748598, 30.157288 ], [ -97.751715, 30.15886 ], [ -97.750579, 30.160495 ], [ -97.746055, 30.158489 ], [ -97.741634, 30.165551 ], [ -97.736265, 30.162741 ], [ -97.734756, 30.157499 ], [ -97.728162, 30.154378 ], [ -97.730132, 30.151337 ], [ -97.724501, 30.148632 ], [ -97.725286, 30.146571 ], [ -97.723575, 30.145515 ], [ -97.724344, 30.143105 ], [ -97.722907, 30.139735 ], [ -97.722124, 30.138652 ], [ -97.719281, 30.142812 ], [ -97.717531, 30.142003 ], [ -97.719417, 30.138945 ], [ -97.718719, 30.137002 ], [ -97.714028, 30.136506 ], [ -97.716573, 30.132106 ], [ -97.710188, 30.12898 ], [ -97.708955, 30.131017 ], [ -97.709992, 30.131515 ], [ -97.708409, 30.131883 ], [ -97.699741, 30.145585 ], [ -97.691358, 30.141842 ], [ -97.688349, 30.142754 ], [ -97.67872, 30.138289 ], [ -97.684396, 30.129391 ], [ -97.689389, 30.126667 ], [ -97.693827, 30.128794 ], [ -97.695207, 30.126634 ], [ -97.690791, 30.124464 ], [ -97.693018, 30.121004 ], [ -97.693751, 30.117449 ], [ -97.692458, 30.116784 ], [ -97.695064, 30.115399 ], [ -97.694369, 30.102027 ], [ -97.693221, 30.103232 ], [ -97.685921, 30.096367 ], [ -97.693177, 30.089633 ], [ -97.694036, 30.080897 ], [ -97.710438, 30.082447 ], [ -97.728621, 30.081403 ], [ -97.735221, 30.083956 ], [ -97.735051, 30.085598 ], [ -97.729482, 30.087567 ], [ -97.727257, 30.084231 ], [ -97.721774, 30.082416 ], [ -97.711465, 30.088445 ], [ -97.714837, 30.088658 ], [ -97.710584, 30.095476 ], [ -97.724843, 30.103013 ], [ -97.72349, 30.101547 ], [ -97.725203, 30.099593 ], [ -97.718176, 30.096247 ], [ -97.722917, 30.088846 ], [ -97.732275, 30.093589 ], [ -97.726383, 30.102922 ], [ -97.730896, 30.105579 ], [ -97.727838, 30.110287 ], [ -97.730926, 30.111936 ], [ -97.732666, 30.109687 ], [ -97.744391, 30.114245 ], [ -97.745388, 30.111921 ], [ -97.74878, 30.1135 ], [ -97.756262, 30.100403 ], [ -97.781789, 30.112653 ], [ -97.791981, 30.112803 ], [ -97.804351, 30.118627 ] ] ] } },
{ "type": "Feature", "properties": { "ZCTA5CE20": "78748" }, "geometry": { "type": "Polygon", "coordinates": [ [ [ -97.861968, 30.146322 ], [ -97.859996, 30.145703 ], [ -97.859253, 30.147468 ], [ -97.854857, 30.148482 ], [ -97.859889, 30.157126 ], [ -97.860191, 30.164126 ], [ -97.860154, 30.168459 ], [ -97.854987, 30.175414 ], [ -97.85932, 30.175744 ], [ -97.859317, 30.178462 ], [ -97.85324, 30.178241 ], [ -97.84235, 30.195341 ], [ -97.827456, 30.187983 ], [ -97.825351, 30.190332 ], [ -97.818426, 30.186759 ], [ -97.819582, 30.18489 ], [ -97.818603, 30.184429 ], [ -97.817403, 30.18645 ], [ -97.794368, 30.185372 ], [ -97.792639, 30.182937 ], [ -97.781978, 30.183397 ], [ -97.785277, 30.172951 ], [ -97.789644, 30.174311 ], [ -97.790959, 30.16726 ], [ -97.785941, 30.16697 ], [ -97.813255, 30.09868 ], [ -97.820772, 30.104101 ], [ -97.817783, 30.105159 ], [ -97.817711, 30.102371 ], [ -97.8146, 30.101912 ], [ -97.8114, 30.106315 ], [ -97.811871, 30.130661 ], [ -97.810406, 30.133248 ], [ -97.807076, 30.132848 ], [ -97.801555, 30.142828 ], [ -97.810821, 30.144614 ], [ -97.814337, 30.141898 ], [ -97.837793, 30.140454 ], [ -97.846987, 30.144441 ], [ -97.84661, 30.141033 ], [ -97.850722, 30.139585 ], [ -97.860949, 30.143157 ], [ -97.861968, 30.146322 ] ] ] } },
{ "type": "Feature", "properties": { "ZCTA5CE20": "78754" }, "geometry": { "type": "Polygon", "coordinates": [ [ [ -97.684834, 30.342249 ], [ -97.682564, 30.346268 ], [ -97.679682, 30.344629 ], [ -97.680135, 30.346454 ], [ -97.677301, 30.351623 ], [ -97.675826, 30.353929 ], [ -97.67443, 30.353438 ], [ -97.668624, 30.362473 ], [ -97.668793, 30.367825 ], [ -97.6663, 30.371963 ], [ -97.649464, 30.385194 ], [ -97.638504, 30.403749 ], [ -97.63506, 30.402031 ], [ -97.637082, 30.39841 ], [ -97.634064, 30.396826 ], [ -97.620489, 30.37967 ], [ -97.621901, 30.380598 ], [ -97.626105, 30.374525 ], [ -97.624322, 30.373605 ], [ -97.630775, 30.360149 ], [ -97.63556, 30.355842 ], [ -97.633857, 30.354297 ], [ -97.633803, 30.351242 ], [ -97.623584, 30.346804 ], [ -97.619108, 30.353668 ], [ -97.622874, 30.355445 ], [ -97.618663, 30.36204 ], [ -97.621186, 30.365006 ], [ -97.619898, 30.365212 ], [ -97.623722, 30.368176 ], [ -97.617779, 30.375832 ], [ -97.614448, 30.374285 ], [ -97.613558, 30.377022 ], [ -97.610923, 30.375804 ], [ -97.608485, 30.378006 ], [ -97.613035, 30.368595 ], [ -97.604982, 30.365655 ], [ -97.603132, 30.368481 ], [ -97.597777, 30.365929 ], [ -97.593265, 30.372867 ], [ -97.583651, 30.369773 ], [ -97.588063, 30.359298 ], [ -97.594781, 30.361099 ], [ -97.596669, 30.359762 ], [ -97.602247, 30.360348 ], [ -97.600371, 30.35624 ], [ -97.598021, 30.354959 ], [ -97.602258, 30.34837 ], [ -97.597765, 30.346158 ], [ -97.593528, 30.352683 ], [ -97.595387, 30.344998 ], [ -97.59174, 30.340411 ], [ -97.604406, 30.335608 ], [ -97.609407, 30.334575 ], [ -97.614756, 30.336699 ], [ -97.616768, 30.338749 ], [ -97.616723, 30.341669 ], [ -97.623218, 30.330933 ], [ -97.62635, 30.331627 ], [ -97.625495, 30.332932 ], [ -97.62744, 30.333825 ], [ -97.628959, 30.331481 ], [ -97.665877, 30.327694 ], [ -97.673228, 30.32572 ], [ -97.678892, 30.329217 ], [ -97.675834, 30.333192 ], [ -97.677073, 30.335199 ], [ -97.679171, 30.332568 ], [ -97.686051, 30.333107 ], [ -97.683322, 30.337336 ], [ -97.687272, 30.339257 ], [ -97.684834, 30.342249 ] ], [ [ -97.609738, 30.342196 ], [ -97.60714, 30.340886 ], [ -97.602311, 30.348272 ], [ -97.605857, 30.35008 ], [ -97.609738, 30.342196 ] ] ] } },
{ "type": "Feature", "properties": { "ZCTA5CE20": "78717" }, "geometry": { "type": "Polygon", "coordinates": [ [ [ -97.806958, 30.492358 ], [ -97.805454, 30.495648 ], [ -97.800772, 30.497263 ], [ -97.791953, 30.505114 ], [ -97.777323, 30.503539 ], [ -97.774224, 30.506161 ], [ -97.770663, 30.505568 ], [ -97.764215, 30.50887 ], [ -97.759295, 30.508626 ], [ -97.755895, 30.512705 ], [ -97.745444, 30.51918 ], [ -97.739025, 30.519669 ], [ -97.737325, 30.51521 ], [ -97.741759, 30.513808 ], [ -97.74045, 30.510572 ], [ -97.737016, 30.510418 ], [ -97.740773, 30.501255 ], [ -97.740058, 30.498799 ], [ -97.736721, 30.495523 ], [ -97.7257, 30.493671 ], [ -97.719573, 30.487521 ], [ -97.716532, 30.494629 ], [ -97.721754, 30.499045 ], [ -97.715897, 30.507402 ], [ -97.701747, 30.512452 ], [ -97.70034, 30.506252 ], [ -97.703691, 30.505209 ], [ -97.703284, 30.503123 ], [ -97.708752, 30.50118 ], [ -97.707927, 30.497501 ], [ -97.705257, 30.49766 ], [ -97.704937, 30.491847 ], [ -97.70792, 30.491267 ], [ -97.703226, 30.480686 ], [ -97.715294, 30.46205 ], [ -97.721149, 30.455835 ], [ -97.72052, 30.472681 ], [ -97.723466, 30.475232 ], [ -97.731269, 30.476924 ], [ -97.749056, 30.47397 ], [ -97.760532, 30.477321 ], [ -97.78992, 30.470177 ], [ -97.787561, 30.466906 ], [ -97.789209, 30.46382 ], [ -97.792035, 30.466591 ], [ -97.79526, 30.465615 ], [ -97.798949, 30.472939 ], [ -97.79389, 30.475305 ], [ -97.795481, 30.480167 ], [ -97.80253, 30.479846 ], [ -97.804926, 30.486633 ], [ -97.807116, 30.485924 ], [ -97.80819, 30.488346 ], [ -97.8065, 30.489597 ], [ -97.809009, 30.491958 ], [ -97.806958, 30.492358 ] ] ] } },
{ "type": "Feature", "properties": { "ZCTA5CE20": "78719" }, "geometry": { "type": "Polygon", "coordinates": [ [ [ -97.696821, 30.150407 ], [ -97.692652, 30.157039 ], [ -97.694238, 30.159879 ], [ -97.689219, 30.176693 ], [ -97.687387, 30.178205 ], [ -97.684392, 30.175418 ], [ -97.683266, 30.175176 ], [ -97.681536, 30.175032 ], [ -97.682636, 30.175151 ], [ -97.68271, 30.178478 ], [ -97.687754, 30.183 ], [ -97.683747, 30.201627 ], [ -97.683288, 30.22229 ], [ -97.679673, 30.223326 ], [ -97.676611, 30.222346 ], [ -97.641896, 30.204551 ], [ -97.644402, 30.20265 ], [ -97.645645, 30.203685 ], [ -97.651622, 30.19843 ], [ -97.646694, 30.194334 ], [ -97.647684, 30.191873 ], [ -97.645765, 30.183293 ], [ -97.647624, 30.178353 ], [ -97.651723, 30.172995 ], [ -97.659318, 30.167359 ], [ -97.663505, 30.170337 ], [ -97.663732, 30.16788 ], [ -97.66066, 30.166303 ], [ -97.670527, 30.152866 ], [ -97.671795, 30.149334 ], [ -97.669181, 30.148213 ], [ -97.672569, 30.144262 ], [ -97.664777, 30.140422 ], [ -97.666548, 30.134418 ], [ -97.660411, 30.12113 ], [ -97.660415, 30.117892 ], [ -97.649656, 30.113258 ], [ -97.656744, 30.100534 ], [ -97.655727, 30.099419 ], [ -97.660323, 30.095324 ], [ -97.655674, 30.091408 ], [ -97.650831, 30.095408 ], [ -97.644716, 30.090246 ], [ -97.646471, 30.087776 ], [ -97.638726, 30.081671 ], [ -97.641392, 30.078246 ], [ -97.639208, 30.07829 ], [ -97.64937, 30.067944 ], [ -97.666279, 30.082029 ], [ -97.668996, 30.079594 ], [ -97.668958, 30.084204 ], [ -97.671684, 30.086417 ], [ -97.67408, 30.081924 ], [ -97.682901, 30.081906 ], [ -97.691171, 30.075501 ], [ -97.690709, 30.05615 ], [ -97.692048, 30.056021 ], [ -97.693177, 30.089633 ], [ -97.685921, 30.096367 ], [ -97.693221, 30.103232 ], [ -97.694369, 30.102027 ], [ -97.695064, 30.115399 ], [ -97.692458, 30.116784 ], [ -97.693751, 30.117449 ], [ -97.693018, 30.121004 ], [ -97.690791, 30.124464 ], [ -97.695207, 30.126634 ], [ -97.693827, 30.128794 ], [ -97.689389, 30.126667 ], [ -97.684396, 30.129391 ], [ -97.67872, 30.138289 ], [ -97.688349, 30.142754 ], [ -97.691358, 30.141842 ], [ -97.696731, 30.14419 ], [ -97.696821, 30.150407 ] ] ] } },
{ "type": "Feature", "properties": { "ZCTA5CE20": "78723" }, "geometry": { "type": "Polygon", "coordinates": [ [ [ -97.712423, 30.306487 ], [ -97.7079, 30.315224 ], [ -97.706858, 30.322197 ], [ -97.695388, 30.321472 ], [ -97.698492, 30.322215 ], [ -97.698047, 30.323909 ], [ -97.695254, 30.324451 ], [ -97.689084, 30.321491 ], [ -97.684876, 30.321856 ], [ -97.682499, 30.324513 ], [ -97.680886, 30.323202 ], [ -97.673228, 30.32572 ], [ -97.664242, 30.318339 ], [ -97.660709, 30.305135 ], [ -97.66526, 30.28562 ], [ -97.672506, 30.286809 ], [ -97.703945, 30.282572 ], [ -97.707148, 30.289196 ], [ -97.701302, 30.287537 ], [ -97.698793, 30.290118 ], [ -97.703528, 30.289754 ], [ -97.707389, 30.291309 ], [ -97.709743, 30.298787 ], [ -97.709211, 30.302643 ], [ -97.712423, 30.306487 ] ] ] } },
{ "type": "Feature", "properties": { "ZCTA5CE20": "78741" }, "geometry": { "type": "Polygon", "coordinates": [ [ [ -97.751423, 30.216346 ], [ -97.743973, 30.216326 ], [ -97.743908, 30.21963 ], [ -97.747455, 30.223299 ], [ -97.735037, 30.244959 ], [ -97.735994, 30.250611 ], [ -97.723758, 30.246603 ], [ -97.713506, 30.250432 ], [ -97.701878, 30.250204 ], [ -97.699581, 30.246909 ], [ -97.69128, 30.245176 ], [ -97.679174, 30.223987 ], [ -97.676611, 30.222346 ], [ -97.68204, 30.222916 ], [ -97.690366, 30.217918 ], [ -97.689923, 30.216897 ], [ -97.694914, 30.213227 ], [ -97.709635, 30.210716 ], [ -97.716396, 30.213057 ], [ -97.751423, 30.216346 ] ] ] } },
{ "type": "Feature", "properties": { "ZCTA5CE20": "78745" }, "geometry": { "type": "Polygon", "coordinates": [ [ [ -97.849049, 30.197262 ], [ -97.845281, 30.202159 ], [ -97.841282, 30.200228 ], [ -97.840516, 30.201745 ], [ -97.838832, 30.200862 ], [ -97.836887, 30.206025 ], [ -97.835915, 30.205561 ], [ -97.83199, 30.211386 ], [ -97.834199, 30.211272 ], [ -97.832282, 30.213429 ], [ -97.83109, 30.212822 ], [ -97.825272, 30.222157 ], [ -97.829056, 30.223719 ], [ -97.820568, 30.233769 ], [ -97.803529, 30.231482 ], [ -97.806734, 30.232739 ], [ -97.805748, 30.237488 ], [ -97.808206, 30.238501 ], [ -97.808136, 30.240458 ], [ -97.802487, 30.244692 ], [ -97.796902, 30.233874 ], [ -97.791955, 30.231266 ], [ -97.792805, 30.22991 ], [ -97.790875, 30.228989 ], [ -97.790018, 30.230353 ], [ -97.780173, 30.226593 ], [ -97.779489, 30.227682 ], [ -97.772331, 30.227531 ], [ -97.769466, 30.226518 ], [ -97.769686, 30.223677 ], [ -97.751925, 30.215613 ], [ -97.786254, 30.166975 ], [ -97.790959, 30.16726 ], [ -97.789644, 30.174311 ], [ -97.785277, 30.172951 ], [ -97.781978, 30.183397 ], [ -97.792639, 30.182937 ], [ -97.794368, 30.185372 ], [ -97.817403, 30.18645 ], [ -97.818603, 30.184429 ], [ -97.819582, 30.18489 ], [ -97.818426, 30.186759 ], [ -97.825351, 30.190332 ], [ -97.827456, 30.187983 ], [ -97.849049, 30.197262 ] ] ] } },
{ "type": "Feature", "properties": { "ZCTA5CE20": "78746" }, "geometry": { "type": "Polygon", "coordinates": [ [ [ -97.868836, 30.313997 ], [ -97.866967, 30.31758 ], [ -97.861895, 30.318156 ], [ -97.845593, 30.310119 ], [ -97.841374, 30.319061 ], [ -97.844041, 30.324052 ], [ -97.843003, 30.325048 ], [ -97.845298, 30.330891 ], [ -97.846166, 30.340336 ], [ -97.842668, 30.32622 ], [ -97.835878, 30.323921 ], [ -97.830636, 30.325226 ], [ -97.825661, 30.32907 ], [ -97.806937, 30.351499 ], [ -97.800089, 30.351591 ], [ -97.788302, 30.343561 ], [ -97.776072, 30.322177 ], [ -97.775884, 30.313606 ], [ -97.777884, 30.308306 ], [ -97.785921, 30.297505 ], [ -97.785371, 30.28642 ], [ -97.769682, 30.27162 ], [ -97.760657, 30.267526 ], [ -97.767606, 30.264095 ], [ -97.780728, 30.262599 ], [ -97.785409, 30.260614 ], [ -97.784577, 30.258101 ], [ -97.795716, 30.253427 ], [ -97.796726, 30.248294 ], [ -97.789571, 30.246461 ], [ -97.789805, 30.242137 ], [ -97.800945, 30.245255 ], [ -97.81013, 30.239609 ], [ -97.813513, 30.251201 ], [ -97.821794, 30.2566 ], [ -97.824883, 30.269613 ], [ -97.83046, 30.269937 ], [ -97.836772, 30.275138 ], [ -97.844452, 30.273887 ], [ -97.852366, 30.281901 ], [ -97.851842, 30.28441 ], [ -97.843206, 30.290567 ], [ -97.842982, 30.292135 ], [ -97.850009, 30.291489 ], [ -97.854277, 30.304653 ], [ -97.857155, 30.30449 ], [ -97.858578, 30.298323 ], [ -97.861329, 30.296745 ], [ -97.86296, 30.297519 ], [ -97.864327, 30.302959 ], [ -97.868323, 30.306737 ], [ -97.868836, 30.313997 ] ] ] } },
{ "type": "Feature", "properties": { "ZCTA5CE20": "78613" }, "geometry": { "type": "Polygon", "coordinates": [ [ [ -97.881668, 30.518355 ], [ -97.874167, 30.52619 ], [ -97.871139, 30.524561 ], [ -97.869823, 30.529164 ], [ -97.865038, 30.533395 ], [ -97.860845, 30.532006 ], [ -97.847732, 30.535991 ], [ -97.845393, 30.537946 ], [ -97.846779, 30.542146 ], [ -97.840157, 30.544162 ], [ -97.838109, 30.539498 ], [ -97.834403, 30.539011 ], [ -97.817743, 30.544187 ], [ -97.819066, 30.55054 ], [ -97.816465, 30.540084 ], [ -97.816703, 30.537055 ], [ -97.813154, 30.535948 ], [ -97.80252, 30.537641 ], [ -97.802583, 30.539003 ], [ -97.781693, 30.545615 ], [ -97.782125, 30.546732 ], [ -97.779642, 30.544377 ], [ -97.7788, 30.539511 ], [ -97.778627, 30.543392 ], [ -97.776697, 30.544563 ], [ -97.777676, 30.546945 ], [ -97.762756, 30.549717 ], [ -97.759957, 30.542831 ], [ -97.764914, 30.540763 ], [ -97.762834, 30.536041 ], [ -97.763147, 30.531456 ], [ -97.752468, 30.527949 ], [ -97.74789, 30.520499 ], [ -97.745444, 30.51918 ], [ -97.755895, 30.512705 ], [ -97.757741, 30.509165 ], [ -97.764215, 30.50887 ], [ -97.770663, 30.505568 ], [ -97.774224, 30.506161 ], [ -97.777323, 30.503539 ], [ -97.789902, 30.505775 ], [ -97.795878, 30.502778 ], [ -97.800772, 30.497263 ], [ -97.805454, 30.495648 ], [ -97.806958, 30.492358 ], [ -97.809009, 30.491958 ], [ -97.8065, 30.489597 ], [ -97.80819, 30.488346 ], [ -97.807116, 30.485924 ], [ -97.804926, 30.486633 ], [ -97.80253, 30.479846 ], [ -97.795481, 30.480167 ], [ -97.794395, 30.4776 ], [ -97.79389, 30.475305 ], [ -97.798949, 30.472939 ], [ -97.797019, 30.468164 ], [ -97.810622, 30.463891 ], [ -97.811724, 30.466457 ], [ -97.814327, 30.465629 ], [ -97.813713, 30.464182 ], [ -97.816028, 30.462238 ], [ -97.819998, 30.460912 ], [ -97.82259, 30.462764 ], [ -97.821237, 30.461732 ], [ -97.826064, 30.455854 ], [ -97.836018, 30.464296 ], [ -97.843702, 30.461837 ], [ -97.841085, 30.459867 ], [ -97.845841, 30.457367 ], [ -97.847617, 30.45349 ], [ -97.858037, 30.448298 ], [ -97.86112, 30.451191 ], [ -97.862531, 30.456913 ], [ -97.854762, 30.468857 ], [ -97.857746, 30.475689 ], [ -97.856951, 30.479842 ], [ -97.859664, 30.478951 ], [ -97.859644, 30.483404 ], [ -97.864109, 30.485566 ], [ -97.863534, 30.48859 ], [ -97.860399, 30.490151 ], [ -97.85922, 30.493305 ], [ -97.862248, 30.497309 ], [ -97.858393, 30.500831 ], [ -97.862639, 30.511583 ], [ -97.865, 30.513488 ], [ -97.868013, 30.512376 ], [ -97.868793, 30.513766 ], [ -97.871219, 30.511523 ], [ -97.871942, 30.508097 ], [ -97.873727, 30.507834 ], [ -97.874208, 30.509571 ], [ -97.878245, 30.507221 ], [ -97.880385, 30.508005 ], [ -97.876289, 30.512952 ], [ -97.881438, 30.512115 ], [ -97.882934, 30.51554 ], [ -97.881668, 30.518355 ] ] ] } },
{ "type": "Feature", "properties": { "ZCTA5CE20": "78724" }, "geometry": { "type": "MultiPolygon", "coordinates": [ [ [ [ -97.646361, 30.271677 ], [ -97.643749, 30.269374 ], [ -97.645991, 30.266834 ], [ -97.648967, 30.26849 ], [ -97.646361, 30.271677 ] ] ], [ [ [ -97.673228, 30.32572 ], [ -97.665877, 30.327694 ], [ -97.628959, 30.331481 ], [ -97.62744, 30.333825 ], [ -97.625495, 30.332932 ], [ -97.62635, 30.331627 ], [ -97.623218, 30.330933 ], [ -97.616723, 30.341669 ], [ -97.616768, 30.338749 ], [ -97.614756, 30.336699 ], [ -97.609407, 30.334575 ], [ -97.591286, 30.340319 ], [ -97.586129, 30.330479 ], [ -97.572082, 30.312734 ], [ -97.568746, 30.301516 ], [ -97.571291, 30.2903 ], [ -97.574623, 30.28805 ], [ -97.583581, 30.288556 ], [ -97.580081, 30.286816 ], [ -97.578889, 30.284205 ], [ -97.588711, 30.275806 ], [ -97.584994, 30.274352 ], [ -97.586841, 30.270692 ], [ -97.585651, 30.269458 ], [ -97.578709, 30.27051 ], [ -97.567555, 30.259042 ], [ -97.565118, 30.259489 ], [ -97.563855, 30.251377 ], [ -97.560725, 30.249029 ], [ -97.575756, 30.248833 ], [ -97.58303, 30.247475 ], [ -97.583405, 30.244872 ], [ -97.584409, 30.24722 ], [ -97.589856, 30.240764 ], [ -97.592581, 30.241913 ], [ -97.593132, 30.245859 ], [ -97.596363, 30.24892 ], [ -97.595643, 30.251457 ], [ -97.609425, 30.255549 ], [ -97.621263, 30.262679 ], [ -97.625198, 30.255365 ], [ -97.627231, 30.256972 ], [ -97.631515, 30.256629 ], [ -97.628824, 30.262405 ], [ -97.627433, 30.261764 ], [ -97.625039, 30.265449 ], [ -97.626656, 30.268723 ], [ -97.634408, 30.256674 ], [ -97.639439, 30.258225 ], [ -97.640758, 30.26422 ], [ -97.64616, 30.265079 ], [ -97.642222, 30.266268 ], [ -97.643859, 30.275526 ], [ -97.641921, 30.278549 ], [ -97.648693, 30.281082 ], [ -97.656982, 30.266397 ], [ -97.657792, 30.271921 ], [ -97.655406, 30.27285 ], [ -97.656839, 30.277746 ], [ -97.654514, 30.283268 ], [ -97.66526, 30.28562 ], [ -97.660845, 30.302622 ], [ -97.663016, 30.316097 ], [ -97.673228, 30.32572 ] ] ] ] } },
{ "type": "Feature", "properties": { "ZCTA5CE20": "78725" }, "geometry": { "type": "Polygon", "coordinates": [ [ [ -97.69172, 30.248105 ], [ -97.689993, 30.250031 ], [ -97.683267, 30.251107 ], [ -97.67821, 30.254827 ], [ -97.670373, 30.267001 ], [ -97.66526, 30.28562 ], [ -97.656857, 30.284132 ], [ -97.654514, 30.283268 ], [ -97.656839, 30.277746 ], [ -97.655406, 30.27285 ], [ -97.657792, 30.271921 ], [ -97.656982, 30.266397 ], [ -97.648693, 30.281082 ], [ -97.641921, 30.278549 ], [ -97.643859, 30.275526 ], [ -97.642222, 30.266268 ], [ -97.64616, 30.265079 ], [ -97.640758, 30.26422 ], [ -97.639439, 30.258225 ], [ -97.634408, 30.256674 ], [ -97.626656, 30.268723 ], [ -97.625039, 30.265449 ], [ -97.627433, 30.261764 ], [ -97.628824, 30.262405 ], [ -97.631515, 30.256629 ], [ -97.627231, 30.256972 ], [ -97.625198, 30.255365 ], [ -97.621263, 30.262679 ], [ -97.609425, 30.255549 ], [ -97.595643, 30.251457 ], [ -97.596363, 30.24892 ], [ -97.593132, 30.245859 ], [ -97.592581, 30.241913 ], [ -97.589856, 30.240764 ], [ -97.584409, 30.24722 ], [ -97.583405, 30.244872 ], [ -97.58303, 30.247475 ], [ -97.575756, 30.248833 ], [ -97.558799, 30.249081 ], [ -97.557816, 30.247125 ], [ -97.560829, 30.245592 ], [ -97.559047, 30.245424 ], [ -97.558138, 30.241473 ], [ -97.556566, 30.240638 ], [ -97.555661, 30.242558 ], [ -97.552577, 30.24302 ], [ -97.550564, 30.242258 ], [ -97.551158, 30.240591 ], [ -97.544167, 30.240309 ], [ -97.544745, 30.236174 ], [ -97.547613, 30.235559 ], [ -97.541833, 30.226451 ], [ -97.542062, 30.220291 ], [ -97.548396, 30.216378 ], [ -97.556746, 30.207638 ], [ -97.562206, 30.208558 ], [ -97.565086, 30.211968 ], [ -97.575891, 30.214304 ], [ -97.580976, 30.212076 ], [ -97.584664, 30.207691 ], [ -97.590806, 30.206293 ], [ -97.595159, 30.2085 ], [ -97.595107, 30.221008 ], [ -97.592094, 30.22451 ], [ -97.593802, 30.227858 ], [ -97.596482, 30.228534 ], [ -97.602966, 30.226792 ], [ -97.605195, 30.218481 ], [ -97.607849, 30.215465 ], [ -97.632764, 30.207472 ], [ -97.638422, 30.208056 ], [ -97.65056, 30.213568 ], [ -97.6566, 30.221026 ], [ -97.658797, 30.22676 ], [ -97.650143, 30.23523 ], [ -97.633153, 30.239905 ], [ -97.626627, 30.248323 ], [ -97.626229, 30.255112 ], [ -97.639949, 30.256432 ], [ -97.641574, 30.257127 ], [ -97.641762, 30.261774 ], [ -97.646658, 30.263229 ], [ -97.660176, 30.26149 ], [ -97.671667, 30.254314 ], [ -97.675138, 30.249332 ], [ -97.682457, 30.24629 ], [ -97.69128, 30.245176 ], [ -97.69172, 30.248105 ] ], [ [ -97.648967, 30.26849 ], [ -97.645991, 30.266834 ], [ -97.643749, 30.269374 ], [ -97.646361, 30.271677 ], [ -97.648967, 30.26849 ] ] ] } },
{ "type": "Feature", "properties": { "ZCTA5CE20": "78729" }, "geometry": { "type": "Polygon", "coordinates": [ [ [ -97.79526, 30.465615 ], [ -97.792035, 30.466591 ], [ -97.789209, 30.46382 ], [ -97.787561, 30.466906 ], [ -97.78992, 30.470177 ], [ -97.760532, 30.477321 ], [ -97.749056, 30.47397 ], [ -97.731269, 30.476924 ], [ -97.72299, 30.474994 ], [ -97.719742, 30.470808 ], [ -97.720718, 30.453129 ], [ -97.727736, 30.438611 ], [ -97.733935, 30.441246 ], [ -97.738896, 30.439545 ], [ -97.742463, 30.443753 ], [ -97.746231, 30.442372 ], [ -97.744663, 30.439937 ], [ -97.747375, 30.438809 ], [ -97.749654, 30.441171 ], [ -97.758005, 30.438148 ], [ -97.760339, 30.432714 ], [ -97.766056, 30.432411 ], [ -97.779042, 30.439787 ], [ -97.778394, 30.441719 ], [ -97.775151, 30.442726 ], [ -97.777569, 30.444327 ], [ -97.781885, 30.442041 ], [ -97.784075, 30.443015 ], [ -97.780104, 30.446532 ], [ -97.785235, 30.450363 ], [ -97.790674, 30.448731 ], [ -97.79526, 30.465615 ] ], [ [ -97.764368, 30.43313 ], [ -97.762351, 30.433438 ], [ -97.763562, 30.436395 ], [ -97.765454, 30.435704 ], [ -97.764368, 30.43313 ] ] ] } },
{ "type": "Feature", "properties": { "ZCTA5CE20": "78617" }, "geometry": { "type": "Polygon", "coordinates": [ [ [ -97.673222, 30.226769 ], [ -97.666856, 30.225334 ], [ -97.66627, 30.227488 ], [ -97.661689, 30.22526 ], [ -97.658494, 30.228285 ], [ -97.657432, 30.221362 ], [ -97.65056, 30.213568 ], [ -97.645282, 30.210358 ], [ -97.632764, 30.207472 ], [ -97.607849, 30.215465 ], [ -97.605195, 30.218481 ], [ -97.602966, 30.226792 ], [ -97.596482, 30.228534 ], [ -97.593802, 30.227858 ], [ -97.592094, 30.22451 ], [ -97.595107, 30.221008 ], [ -97.595159, 30.2085 ], [ -97.588553, 30.206103 ], [ -97.584664, 30.207691 ], [ -97.578651, 30.213759 ], [ -97.575891, 30.214304 ], [ -97.565086, 30.211968 ], [ -97.562206, 30.208558 ], [ -97.556746, 30.207638 ], [ -97.548396, 30.216378 ], [ -97.542782, 30.219292 ], [ -97.541669, 30.225253 ], [ -97.539623, 30.225976 ], [ -97.536041, 30.220628 ], [ -97.52714, 30.218788 ], [ -97.523866, 30.221216 ], [ -97.522199, 30.228934 ], [ -97.517321, 30.22824 ], [ -97.513241, 30.210504 ], [ -97.516741, 30.206215 ], [ -97.523807, 30.207378 ], [ -97.528436, 30.205719 ], [ -97.529135, 30.203624 ], [ -97.523719, 30.198363 ], [ -97.515542, 30.198566 ], [ -97.504317, 30.207665 ], [ -97.501431, 30.208451 ], [ -97.503956, 30.207755 ], [ -97.513177, 30.198913 ], [ -97.519039, 30.197902 ], [ -97.518624, 30.194603 ], [ -97.516324, 30.19402 ], [ -97.518508, 30.190698 ], [ -97.521277, 30.190659 ], [ -97.524553, 30.185429 ], [ -97.529599, 30.185263 ], [ -97.531883, 30.183162 ], [ -97.531542, 30.180996 ], [ -97.535143, 30.179642 ], [ -97.529228, 30.176525 ], [ -97.53535, 30.179453 ], [ -97.535914, 30.175358 ], [ -97.534308, 30.173858 ], [ -97.536878, 30.172765 ], [ -97.534866, 30.171549 ], [ -97.567998, 30.141458 ], [ -97.565506, 30.139567 ], [ -97.5672, 30.13679 ], [ -97.564237, 30.135413 ], [ -97.562374, 30.138475 ], [ -97.560384, 30.138382 ], [ -97.533253, 30.127177 ], [ -97.540857, 30.115365 ], [ -97.545674, 30.117879 ], [ -97.549427, 30.114637 ], [ -97.552384, 30.11543 ], [ -97.554675, 30.112517 ], [ -97.557766, 30.102644 ], [ -97.555204, 30.093376 ], [ -97.564481, 30.086376 ], [ -97.578846, 30.085713 ], [ -97.590278, 30.075798 ], [ -97.598421, 30.082791 ], [ -97.611993, 30.071148 ], [ -97.616298, 30.074851 ], [ -97.623334, 30.068695 ], [ -97.624815, 30.069759 ], [ -97.633795, 30.061613 ], [ -97.644256, 30.07013 ], [ -97.648097, 30.06689 ], [ -97.64937, 30.067944 ], [ -97.639208, 30.07829 ], [ -97.641392, 30.078246 ], [ -97.638726, 30.081671 ], [ -97.646471, 30.087776 ], [ -97.644716, 30.090246 ], [ -97.650831, 30.095408 ], [ -97.655674, 30.091408 ], [ -97.660323, 30.095324 ], [ -97.655727, 30.099419 ], [ -97.656744, 30.100534 ], [ -97.649656, 30.113258 ], [ -97.660415, 30.117892 ], [ -97.660411, 30.12113 ], [ -97.666548, 30.134418 ], [ -97.664777, 30.140422 ], [ -97.672569, 30.144262 ], [ -97.669181, 30.148213 ], [ -97.671795, 30.149334 ], [ -97.670527, 30.152866 ], [ -97.66066, 30.166303 ], [ -97.663732, 30.16788 ], [ -97.663505, 30.170337 ], [ -97.659318, 30.167359 ], [ -97.651723, 30.172995 ], [ -97.647624, 30.178353 ], [ -97.645765, 30.183293 ], [ -97.647684, 30.191873 ], [ -97.646694, 30.194334 ], [ -97.651622, 30.19843 ], [ -97.645645, 30.203685 ], [ -97.644402, 30.20265 ], [ -97.641896, 30.204551 ], [ -97.66892, 30.218624 ], [ -97.666583, 30.22082 ], [ -97.668783, 30.222492 ], [ -97.670309, 30.221174 ], [ -97.673373, 30.223842 ], [ -97.673222, 30.226769 ] ] ] } },
{ "type": "Feature", "properties": { "ZCTA5CE20": "78640" }, "geometry": { "type": "Polygon", "coordinates": [ [ [ -97.989148, 30.052466 ], [ -97.986616, 30.051718 ], [ -97.981752, 30.054681 ], [ -97.981338, 30.058204 ], [ -97.979005, 30.060619 ], [ -97.96743, 30.052816 ], [ -97.955639, 30.051575 ], [ -97.946613, 30.053639 ], [ -97.938875, 30.049796 ], [ -97.92992, 30.059837 ], [ -97.9259, 30.062277 ], [ -97.92618, 30.060226 ], [ -97.927832, 30.059885 ], [ -97.927635, 30.051715 ], [ -97.903345, 30.051978 ], [ -97.908193, 30.044747 ], [ -97.914598, 30.044733 ], [ -97.914391, 30.035824 ], [ -97.906464, 30.036299 ], [ -97.906464, 30.028531 ], [ -97.903294, 30.028426 ], [ -97.901702, 30.034215 ], [ -97.887899, 30.034519 ], [ -97.88258, 30.047319 ], [ -97.878846, 30.050077 ], [ -97.874687, 30.050221 ], [ -97.874781, 30.044459 ], [ -97.872117, 30.037329 ], [ -97.872473, 30.028162 ], [ -97.866864, 30.028202 ], [ -97.863367, 30.040525 ], [ -97.85272, 30.039798 ], [ -97.851804, 30.042568 ], [ -97.844618, 30.042476 ], [ -97.850469, 30.040874 ], [ -97.850531, 30.035906 ], [ -97.842861, 30.035318 ], [ -97.84164, 30.037695 ], [ -97.831497, 30.037708 ], [ -97.831476, 30.034972 ], [ -97.828124, 30.034986 ], [ -97.829055, 30.031957 ], [ -97.825622, 30.030634 ], [ -97.811584, 30.030898 ], [ -97.804847, 30.036718 ], [ -97.802503, 30.0354 ], [ -97.798488, 30.037974 ], [ -97.795966, 30.035999 ], [ -97.789334, 30.041757 ], [ -97.776617, 30.032974 ], [ -97.769086, 30.03342 ], [ -97.754103, 30.048549 ], [ -97.756163, 30.049712 ], [ -97.751479, 30.054354 ], [ -97.734798, 30.042399 ], [ -97.72678, 30.04543 ], [ -97.723747, 30.044161 ], [ -97.7212, 30.046494 ], [ -97.704741, 30.032661 ], [ -97.699306, 30.024355 ], [ -97.687826, 30.01475 ], [ -97.685122, 29.9952 ], [ -97.710683, 29.974338 ], [ -97.711894, 29.980354 ], [ -97.728971, 29.977515 ], [ -97.728937, 29.974998 ], [ -97.742232, 29.973001 ], [ -97.740039, 29.96234 ], [ -97.748211, 29.961106 ], [ -97.747401, 29.959112 ], [ -97.745578, 29.959213 ], [ -97.745621, 29.957381 ], [ -97.747786, 29.957028 ], [ -97.747201, 29.954296 ], [ -97.752352, 29.953583 ], [ -97.752744, 29.955528 ], [ -97.758845, 29.954468 ], [ -97.757693, 29.948657 ], [ -97.769516, 29.946903 ], [ -97.770919, 29.954017 ], [ -97.779787, 29.952064 ], [ -97.778284, 29.95006 ], [ -97.787487, 29.949032 ], [ -97.784005, 29.945869 ], [ -97.785975, 29.944635 ], [ -97.789775, 29.946605 ], [ -97.807454, 29.939342 ], [ -97.799594, 29.931142 ], [ -97.802581, 29.92872 ], [ -97.805446, 29.9334 ], [ -97.807436, 29.932569 ], [ -97.809885, 29.93791 ], [ -97.849178, 29.916 ], [ -97.878155, 29.940032 ], [ -97.875519, 29.942766 ], [ -97.884501, 29.951111 ], [ -97.883047, 29.952911 ], [ -97.885725, 29.954029 ], [ -97.8875, 29.952922 ], [ -97.891194, 29.956095 ], [ -97.892992, 29.954395 ], [ -97.894158, 29.955562 ], [ -97.892958, 29.957917 ], [ -97.899784, 29.960582 ], [ -97.902036, 29.957296 ], [ -97.900327, 29.950291 ], [ -97.903088, 29.94582 ], [ -97.897235, 29.94102 ], [ -97.895692, 29.937078 ], [ -97.906564, 29.943112 ], [ -97.902292, 29.952143 ], [ -97.907618, 29.960969 ], [ -97.907985, 29.964155 ], [ -97.903383, 29.969276 ], [ -97.904632, 29.978754 ], [ -97.90635, 29.981435 ], [ -97.909015, 29.980794 ], [ -97.914877, 29.972865 ], [ -97.918842, 29.973745 ], [ -97.918731, 29.987937 ], [ -97.926565, 29.991868 ], [ -97.937468, 30.01313 ], [ -97.940681, 30.012717 ], [ -97.941629, 30.014299 ], [ -97.938126, 30.018356 ], [ -97.940022, 30.019708 ], [ -97.939759, 30.026332 ], [ -97.947293, 30.028165 ], [ -97.949928, 30.03543 ], [ -97.952509, 30.03653 ], [ -97.954722, 30.035911 ], [ -97.959224, 30.02617 ], [ -97.961252, 30.026376 ], [ -97.96286, 30.028346 ], [ -97.962977, 30.043663 ], [ -97.987165, 30.04721 ], [ -97.988741, 30.048531 ], [ -97.989148, 30.052466 ] ] ] } },
{ "type": "Feature", "properties": { "ZCTA5CE20": "78652" }, "geometry": { "type": "Polygon", "coordinates": [ [ [ -97.915514, 30.154872 ], [ -97.904655, 30.164297 ], [ -97.883522, 30.149067 ], [ -97.881538, 30.153944 ], [ -97.879893, 30.152264 ], [ -97.873955, 30.152337 ], [ -97.866846, 30.143471 ], [ -97.862078, 30.145992 ], [ -97.860949, 30.143157 ], [ -97.850722, 30.139585 ], [ -97.84661, 30.141033 ], [ -97.846987, 30.144441 ], [ -97.837793, 30.140454 ], [ -97.814337, 30.141898 ], [ -97.810821, 30.144614 ], [ -97.801555, 30.142828 ], [ -97.807076, 30.132848 ], [ -97.810406, 30.133248 ], [ -97.811871, 30.130661 ], [ -97.8114, 30.106315 ], [ -97.8146, 30.101912 ], [ -97.817711, 30.102371 ], [ -97.817783, 30.105159 ], [ -97.820772, 30.104101 ], [ -97.866468, 30.136812 ], [ -97.868475, 30.133372 ], [ -97.868511, 30.128152 ], [ -97.879881, 30.128366 ], [ -97.879416, 30.124648 ], [ -97.90716, 30.124314 ], [ -97.906679, 30.128365 ], [ -97.894123, 30.134156 ], [ -97.912726, 30.132593 ], [ -97.912847, 30.141853 ], [ -97.915374, 30.142536 ], [ -97.915514, 30.154872 ] ] ] } },
{ "type": "Feature", "properties": { "ZCTA5CE20": "78733" }, "geometry": { "type": "Polygon", "coordinates": [ [ [ -97.92256, 30.326191 ], [ -97.914887, 30.327803 ], [ -97.899887, 30.339903 ], [ -97.880377, 30.344054 ], [ -97.874417, 30.346169 ], [ -97.86197, 30.354274 ], [ -97.857186, 30.354703 ], [ -97.850631, 30.351292 ], [ -97.847465, 30.346705 ], [ -97.845193, 30.340398 ], [ -97.845298, 30.330891 ], [ -97.843003, 30.325048 ], [ -97.844041, 30.324052 ], [ -97.841374, 30.319061 ], [ -97.845593, 30.310119 ], [ -97.861895, 30.318156 ], [ -97.866967, 30.31758 ], [ -97.869274, 30.312042 ], [ -97.868011, 30.301078 ], [ -97.870838, 30.297158 ], [ -97.87632, 30.298975 ], [ -97.881299, 30.29566 ], [ -97.880321, 30.288633 ], [ -97.882416, 30.286588 ], [ -97.886131, 30.289191 ], [ -97.889196, 30.295248 ], [ -97.891638, 30.295415 ], [ -97.897969, 30.289623 ], [ -97.9007, 30.28926 ], [ -97.90214, 30.291839 ], [ -97.896977, 30.296928 ], [ -97.901885, 30.301952 ], [ -97.90714, 30.304588 ], [ -97.906819, 30.309388 ], [ -97.91075, 30.31105 ], [ -97.909513, 30.312898 ], [ -97.91169, 30.321077 ], [ -97.907379, 30.327775 ], [ -97.908362, 30.329911 ], [ -97.920662, 30.324942 ], [ -97.92256, 30.326191 ] ] ] } },
{ "type": "Feature", "properties": { "ZCTA5CE20": "78634" }, "geometry": { "type": "Polygon", "coordinates": [ [ [ -97.626151, 30.611444 ], [ -97.607404, 30.6175 ], [ -97.601623, 30.611167 ], [ -97.581317, 30.617553 ], [ -97.581924, 30.618981 ], [ -97.568568, 30.622068 ], [ -97.569356, 30.623917 ], [ -97.564915, 30.62472 ], [ -97.560432, 30.627156 ], [ -97.560839, 30.628196 ], [ -97.554294, 30.629949 ], [ -97.553695, 30.62884 ], [ -97.547964, 30.633357 ], [ -97.547354, 30.636293 ], [ -97.540871, 30.63538 ], [ -97.525814, 30.629065 ], [ -97.511169, 30.632317 ], [ -97.501583, 30.626788 ], [ -97.495382, 30.628378 ], [ -97.490343, 30.626949 ], [ -97.482479, 30.607895 ], [ -97.491114, 30.607961 ], [ -97.505655, 30.602749 ], [ -97.5038, 30.598623 ], [ -97.51053, 30.596446 ], [ -97.503978, 30.598263 ], [ -97.503143, 30.59694 ], [ -97.50803, 30.595351 ], [ -97.505976, 30.590637 ], [ -97.519419, 30.584603 ], [ -97.516404, 30.577507 ], [ -97.504768, 30.580915 ], [ -97.502796, 30.57051 ], [ -97.500254, 30.570975 ], [ -97.495867, 30.560842 ], [ -97.48833, 30.562884 ], [ -97.48581, 30.557072 ], [ -97.496447, 30.556141 ], [ -97.495482, 30.551915 ], [ -97.483028, 30.5536 ], [ -97.493854, 30.49374 ], [ -97.516609, 30.50277 ], [ -97.521215, 30.50638 ], [ -97.523302, 30.510374 ], [ -97.524136, 30.505557 ], [ -97.520153, 30.503844 ], [ -97.521822, 30.49479 ], [ -97.520345, 30.494964 ], [ -97.523168, 30.480125 ], [ -97.526213, 30.480229 ], [ -97.527116, 30.474646 ], [ -97.54412, 30.479596 ], [ -97.543141, 30.479161 ], [ -97.546079, 30.47542 ], [ -97.550068, 30.476483 ], [ -97.54949, 30.480249 ], [ -97.553621, 30.480772 ], [ -97.551978, 30.487448 ], [ -97.552964, 30.490295 ], [ -97.563456, 30.491832 ], [ -97.563769, 30.495557 ], [ -97.568886, 30.496162 ], [ -97.568255, 30.499725 ], [ -97.581177, 30.500751 ], [ -97.583929, 30.494042 ], [ -97.592513, 30.493859 ], [ -97.592935, 30.4975 ], [ -97.588793, 30.497915 ], [ -97.589842, 30.498793 ], [ -97.589466, 30.515298 ], [ -97.591926, 30.522546 ], [ -97.588719, 30.526551 ], [ -97.584456, 30.525831 ], [ -97.586818, 30.529452 ], [ -97.589874, 30.530928 ], [ -97.58856, 30.531465 ], [ -97.588719, 30.535446 ], [ -97.60125, 30.533533 ], [ -97.601355, 30.53986 ], [ -97.595648, 30.53995 ], [ -97.595708, 30.544656 ], [ -97.591365, 30.544777 ], [ -97.591585, 30.555603 ], [ -97.593774, 30.555637 ], [ -97.593854, 30.562055 ], [ -97.586304, 30.56213 ], [ -97.589228, 30.570637 ], [ -97.587887, 30.574882 ], [ -97.593563, 30.587998 ], [ -97.595533, 30.589783 ], [ -97.59985, 30.588422 ], [ -97.601862, 30.593084 ], [ -97.604773, 30.592157 ], [ -97.60595, 30.597423 ], [ -97.608308, 30.596732 ], [ -97.612465, 30.60564 ], [ -97.622358, 30.602504 ], [ -97.626151, 30.611444 ] ] ] } },
{ "type": "Feature", "properties": { "ZCTA5CE20": "78642" }, "geometry": { "type": "Polygon", "coordinates": [ [ [ -98.075035, 30.664995 ], [ -98.059752, 30.683565 ], [ -98.059015, 30.686874 ], [ -98.061981, 30.697769 ], [ -98.059866, 30.701129 ], [ -98.050707, 30.69936 ], [ -98.046829, 30.702303 ], [ -98.043486, 30.699378 ], [ -98.037987, 30.700055 ], [ -98.034771, 30.704007 ], [ -98.032163, 30.703087 ], [ -98.034113, 30.711425 ], [ -98.020154, 30.713408 ], [ -98.004373, 30.708366 ], [ -97.96286, 30.785641 ], [ -97.939554, 30.806541 ], [ -97.937755, 30.803666 ], [ -97.928083, 30.806822 ], [ -97.926585, 30.805519 ], [ -97.926497, 30.801608 ], [ -97.931728, 30.797148 ], [ -97.929291, 30.796057 ], [ -97.918275, 30.799432 ], [ -97.913503, 30.78785 ], [ -97.898696, 30.792531 ], [ -97.89742, 30.784558 ], [ -97.891103, 30.779872 ], [ -97.888216, 30.771477 ], [ -97.87706, 30.774885 ], [ -97.876524, 30.746472 ], [ -97.875446, 30.743879 ], [ -97.871484, 30.745167 ], [ -97.864062, 30.727623 ], [ -97.859612, 30.728784 ], [ -97.856483, 30.720094 ], [ -97.85982, 30.718857 ], [ -97.860685, 30.707908 ], [ -97.856329, 30.705667 ], [ -97.840913, 30.702665 ], [ -97.836239, 30.690919 ], [ -97.828823, 30.696252 ], [ -97.832675, 30.688681 ], [ -97.835216, 30.686739 ], [ -97.834157, 30.684484 ], [ -97.824988, 30.680646 ], [ -97.824616, 30.679203 ], [ -97.8182, 30.677988 ], [ -97.816556, 30.676109 ], [ -97.817643, 30.673313 ], [ -97.815177, 30.669944 ], [ -97.811784, 30.670174 ], [ -97.807138, 30.660773 ], [ -97.836721, 30.653142 ], [ -97.829882, 30.644815 ], [ -97.827834, 30.637846 ], [ -97.837632, 30.640929 ], [ -97.839635, 30.638372 ], [ -97.856346, 30.633149 ], [ -97.858091, 30.640106 ], [ -97.861888, 30.638853 ], [ -97.864802, 30.644326 ], [ -97.8635, 30.646584 ], [ -97.881542, 30.640094 ], [ -97.876499, 30.62405 ], [ -97.882106, 30.625335 ], [ -97.891528, 30.630899 ], [ -97.895428, 30.628464 ], [ -97.89626, 30.631237 ], [ -97.898131, 30.631242 ], [ -97.900151, 30.637477 ], [ -97.905662, 30.635764 ], [ -97.905744, 30.637265 ], [ -97.91983, 30.632726 ], [ -97.918472, 30.629637 ], [ -97.921614, 30.628572 ], [ -97.922892, 30.631953 ], [ -97.925635, 30.631208 ], [ -97.927785, 30.636168 ], [ -97.931354, 30.633024 ], [ -97.940232, 30.632152 ], [ -97.936389, 30.62789 ], [ -97.937086, 30.626059 ], [ -97.943656, 30.627407 ], [ -97.945042, 30.630853 ], [ -97.93947, 30.636444 ], [ -97.941459, 30.64263 ], [ -97.952607, 30.639141 ], [ -97.95092, 30.635241 ], [ -97.955644, 30.63103 ], [ -97.9547, 30.627172 ], [ -97.956734, 30.628249 ], [ -97.966311, 30.623676 ], [ -97.977867, 30.622114 ], [ -97.9924, 30.609494 ], [ -97.997989, 30.613024 ], [ -98.006276, 30.627516 ], [ -98.012741, 30.616767 ], [ -98.0297, 30.614723 ], [ -98.036495, 30.611726 ], [ -98.039592, 30.618553 ], [ -98.049886, 30.624155 ], [ -98.030344, 30.660451 ], [ -98.035057, 30.663247 ], [ -98.042834, 30.662954 ], [ -98.071142, 30.65386 ], [ -98.075035, 30.664995 ] ] ] } },
{ "type": "Feature", "properties": { "ZCTA5CE20": "78732" }, "geometry": { "type": "Polygon", "coordinates": [ [ [ -97.934048, 30.336451 ], [ -97.916788, 30.354402 ], [ -97.913516, 30.362642 ], [ -97.914483, 30.384781 ], [ -97.913417, 30.388232 ], [ -97.899426, 30.395243 ], [ -97.911087, 30.422215 ], [ -97.883237, 30.427727 ], [ -97.881697, 30.425883 ], [ -97.878682, 30.429019 ], [ -97.877103, 30.423422 ], [ -97.87422, 30.423347 ], [ -97.872801, 30.425518 ], [ -97.869521, 30.420323 ], [ -97.869858, 30.416857 ], [ -97.867653, 30.414582 ], [ -97.868371, 30.412903 ], [ -97.866578, 30.409268 ], [ -97.863489, 30.405822 ], [ -97.856295, 30.405294 ], [ -97.854021, 30.403777 ], [ -97.849485, 30.39735 ], [ -97.851567, 30.396316 ], [ -97.849333, 30.394376 ], [ -97.863655, 30.385667 ], [ -97.873935, 30.374366 ], [ -97.870287, 30.371791 ], [ -97.871596, 30.369561 ], [ -97.878271, 30.371123 ], [ -97.884049, 30.362349 ], [ -97.879435, 30.36008 ], [ -97.89027, 30.346629 ], [ -97.889183, 30.343894 ], [ -97.898142, 30.341592 ], [ -97.89691, 30.340895 ], [ -97.917887, 30.326603 ], [ -97.924687, 30.326003 ], [ -97.930087, 30.328503 ], [ -97.933988, 30.331403 ], [ -97.934048, 30.336451 ] ] ] } },
{ "type": "Feature", "properties": { "ZCTA5CE20": "78736" }, "geometry": { "type": "Polygon", "coordinates": [ [ [ -98.028563, 30.24605 ], [ -98.025456, 30.253856 ], [ -98.020004, 30.24883 ], [ -98.017593, 30.250004 ], [ -98.011402, 30.248618 ], [ -98.003081, 30.251166 ], [ -98.003504, 30.254135 ], [ -97.998901, 30.255382 ], [ -97.996774, 30.257856 ], [ -97.997519, 30.261356 ], [ -97.992136, 30.262649 ], [ -97.996201, 30.265925 ], [ -97.991921, 30.268229 ], [ -97.988124, 30.267518 ], [ -97.984892, 30.273417 ], [ -97.982705, 30.27216 ], [ -97.98295, 30.267438 ], [ -97.981614, 30.265703 ], [ -97.980062, 30.264945 ], [ -97.977476, 30.266908 ], [ -97.976879, 30.272042 ], [ -97.974677, 30.272154 ], [ -97.969061, 30.264737 ], [ -97.966599, 30.265358 ], [ -97.964513, 30.271247 ], [ -97.95636, 30.269416 ], [ -97.957058, 30.271804 ], [ -97.960455, 30.273894 ], [ -97.957346, 30.276953 ], [ -97.951964, 30.27559 ], [ -97.94775, 30.276839 ], [ -97.943676, 30.275184 ], [ -97.94208, 30.276165 ], [ -97.942299, 30.280787 ], [ -97.939562, 30.280956 ], [ -97.933802, 30.277509 ], [ -97.932404, 30.277694 ], [ -97.933707, 30.281348 ], [ -97.931874, 30.281733 ], [ -97.92961, 30.278872 ], [ -97.930589, 30.276744 ], [ -97.9275, 30.280573 ], [ -97.929235, 30.283438 ], [ -97.925802, 30.282166 ], [ -97.924671, 30.28358 ], [ -97.925854, 30.287472 ], [ -97.923071, 30.288964 ], [ -97.919059, 30.28759 ], [ -97.917626, 30.289178 ], [ -97.916721, 30.280544 ], [ -97.909185, 30.267019 ], [ -97.907243, 30.260127 ], [ -97.904483, 30.257213 ], [ -97.907118, 30.255107 ], [ -97.904147, 30.254257 ], [ -97.90507, 30.252799 ], [ -97.902242, 30.252952 ], [ -97.897057, 30.247934 ], [ -97.894259, 30.249891 ], [ -97.886827, 30.246204 ], [ -97.884722, 30.244599 ], [ -97.886862, 30.24417 ], [ -97.883351, 30.240825 ], [ -97.883939, 30.239756 ], [ -97.880283, 30.239879 ], [ -97.876593, 30.23517 ], [ -97.872614, 30.233944 ], [ -97.879293, 30.230783 ], [ -97.877171, 30.22833 ], [ -97.876943, 30.226387 ], [ -97.8785, 30.225468 ], [ -97.871693, 30.223758 ], [ -97.873094, 30.222583 ], [ -97.877716, 30.224394 ], [ -97.877644, 30.221454 ], [ -97.880485, 30.222817 ], [ -97.884844, 30.218535 ], [ -97.892601, 30.221997 ], [ -97.888305, 30.229195 ], [ -97.911076, 30.234498 ], [ -97.921368, 30.232766 ], [ -97.91848, 30.223461 ], [ -97.924862, 30.223967 ], [ -97.929572, 30.226129 ], [ -97.925981, 30.231971 ], [ -97.938123, 30.229603 ], [ -97.953309, 30.223307 ], [ -97.952216, 30.2203 ], [ -97.953972, 30.217616 ], [ -97.959316, 30.219817 ], [ -97.955914, 30.221991 ], [ -97.963296, 30.226167 ], [ -97.967247, 30.220096 ], [ -97.971505, 30.222233 ], [ -97.972942, 30.219998 ], [ -97.977903, 30.224293 ], [ -97.981527, 30.225287 ], [ -97.982591, 30.220149 ], [ -97.999899, 30.232508 ], [ -98.004987, 30.23412 ], [ -98.010831, 30.240339 ], [ -98.013751, 30.236298 ], [ -98.024994, 30.236724 ], [ -98.029684, 30.24239 ], [ -98.028563, 30.24605 ] ] ] } },
{ "type": "Feature", "properties": { "ZCTA5CE20": "78727" }, "geometry": { "type": "MultiPolygon", "coordinates": [ [ [ [ -97.760076, 30.434377 ], [ -97.758005, 30.438148 ], [ -97.749654, 30.441171 ], [ -97.747375, 30.438809 ], [ -97.744663, 30.439937 ], [ -97.746231, 30.442372 ], [ -97.742463, 30.443753 ], [ -97.738896, 30.439545 ], [ -97.733935, 30.441246 ], [ -97.727736, 30.438611 ], [ -97.720718, 30.453129 ], [ -97.717958, 30.449069 ], [ -97.712122, 30.445286 ], [ -97.686062, 30.434528 ], [ -97.684754, 30.430895 ], [ -97.676595, 30.426857 ], [ -97.677607, 30.425803 ], [ -97.676034, 30.422996 ], [ -97.678628, 30.421108 ], [ -97.681372, 30.408931 ], [ -97.70519, 30.421035 ], [ -97.708412, 30.417984 ], [ -97.715695, 30.421533 ], [ -97.722036, 30.411632 ], [ -97.726257, 30.411727 ], [ -97.729548, 30.416147 ], [ -97.731585, 30.412504 ], [ -97.74297, 30.416276 ], [ -97.742116, 30.417553 ], [ -97.7467, 30.419072 ], [ -97.748171, 30.423273 ], [ -97.753615, 30.426514 ], [ -97.751149, 30.429065 ], [ -97.758098, 30.430985 ], [ -97.758039, 30.43291 ], [ -97.760339, 30.432714 ], [ -97.760076, 30.434377 ] ] ], [ [ [ -97.765454, 30.435704 ], [ -97.763562, 30.436395 ], [ -97.762351, 30.433438 ], [ -97.764368, 30.43313 ], [ -97.765454, 30.435704 ] ] ] ] } },
{ "type": "Feature", "properties": { "ZCTA5CE20": "78753" }, "geometry": { "type": "Polygon", "coordinates": [ [ [ -97.712439, 30.347805 ], [ -97.705638, 30.353351 ], [ -97.708622, 30.354953 ], [ -97.706889, 30.356112 ], [ -97.704068, 30.354524 ], [ -97.70036, 30.357309 ], [ -97.701167, 30.36186 ], [ -97.69893, 30.364099 ], [ -97.699629, 30.366551 ], [ -97.698417, 30.365993 ], [ -97.695492, 30.370734 ], [ -97.693009, 30.370175 ], [ -97.687684, 30.37954 ], [ -97.693509, 30.382381 ], [ -97.691904, 30.38432 ], [ -97.686375, 30.38193 ], [ -97.684997, 30.384496 ], [ -97.687874, 30.385742 ], [ -97.680523, 30.395119 ], [ -97.681733, 30.400897 ], [ -97.679397, 30.399152 ], [ -97.678166, 30.407896 ], [ -97.681372, 30.408931 ], [ -97.678628, 30.421108 ], [ -97.676034, 30.422996 ], [ -97.677607, 30.425803 ], [ -97.676595, 30.426857 ], [ -97.671182, 30.424312 ], [ -97.670059, 30.43019 ], [ -97.666507, 30.429621 ], [ -97.665244, 30.428846 ], [ -97.668734, 30.423335 ], [ -97.665768, 30.421822 ], [ -97.664915, 30.424956 ], [ -97.665009, 30.421454 ], [ -97.65456, 30.414355 ], [ -97.651062, 30.420084 ], [ -97.656877, 30.4236 ], [ -97.656583, 30.430411 ], [ -97.65099, 30.427702 ], [ -97.64999, 30.429278 ], [ -97.646701, 30.428536 ], [ -97.647881, 30.424738 ], [ -97.645535, 30.423132 ], [ -97.647186, 30.420377 ], [ -97.645646, 30.419288 ], [ -97.648327, 30.418773 ], [ -97.651993, 30.412964 ], [ -97.648578, 30.409603 ], [ -97.645437, 30.414172 ], [ -97.647808, 30.410546 ], [ -97.642086, 30.408449 ], [ -97.641698, 30.406502 ], [ -97.637861, 30.404734 ], [ -97.649464, 30.385194 ], [ -97.6663, 30.371963 ], [ -97.668793, 30.367825 ], [ -97.668624, 30.362473 ], [ -97.67443, 30.353438 ], [ -97.675826, 30.353929 ], [ -97.677301, 30.351623 ], [ -97.680135, 30.346454 ], [ -97.679682, 30.344629 ], [ -97.682564, 30.346268 ], [ -97.687272, 30.339257 ], [ -97.683322, 30.337336 ], [ -97.686222, 30.332839 ], [ -97.693178, 30.336038 ], [ -97.692559, 30.338522 ], [ -97.695309, 30.337072 ], [ -97.700553, 30.339569 ], [ -97.698583, 30.342195 ], [ -97.701234, 30.343583 ], [ -97.703617, 30.3428 ], [ -97.706652, 30.34503 ], [ -97.70571, 30.346388 ], [ -97.712439, 30.347805 ] ] ] } },
{ "type": "Feature", "properties": { "ZCTA5CE20": "78644" }, "geometry": { "type": "Polygon", "coordinates": [ [ [ -97.815102, 29.780726 ], [ -97.811953, 29.783469 ], [ -97.814483, 29.785115 ], [ -97.795602, 29.799286 ], [ -97.799841, 29.807565 ], [ -97.796731, 29.814116 ], [ -97.797884, 29.820397 ], [ -97.795993, 29.822175 ], [ -97.796208, 29.825539 ], [ -97.793833, 29.827021 ], [ -97.795803, 29.829153 ], [ -97.796406, 29.833792 ], [ -97.786677, 29.838179 ], [ -97.791999, 29.844309 ], [ -97.799562, 29.859018 ], [ -97.807055, 29.859454 ], [ -97.813671, 29.865872 ], [ -97.806995, 29.859871 ], [ -97.789691, 29.872871 ], [ -97.740379, 29.870575 ], [ -97.748734, 29.882694 ], [ -97.743148, 29.884165 ], [ -97.767277, 29.902165 ], [ -97.768894, 29.901415 ], [ -97.770478, 29.902925 ], [ -97.776731, 29.901254 ], [ -97.780897, 29.904487 ], [ -97.787158, 29.913824 ], [ -97.7622, 29.932286 ], [ -97.745343, 29.946927 ], [ -97.747786, 29.957028 ], [ -97.745621, 29.957381 ], [ -97.745578, 29.959213 ], [ -97.747401, 29.959112 ], [ -97.748211, 29.961106 ], [ -97.740039, 29.96234 ], [ -97.742232, 29.973001 ], [ -97.728937, 29.974998 ], [ -97.728971, 29.977515 ], [ -97.711894, 29.980354 ], [ -97.710683, 29.974338 ], [ -97.685122, 29.9952 ], [ -97.687826, 30.01475 ], [ -97.700512, 30.025953 ], [ -97.674465, 30.030523 ], [ -97.670196, 30.024517 ], [ -97.659056, 30.015045 ], [ -97.665751, 30.009071 ], [ -97.6635, 30.006959 ], [ -97.662129, 30.007648 ], [ -97.651475, 29.999485 ], [ -97.645233, 30.005003 ], [ -97.637971, 29.999287 ], [ -97.646949, 29.990824 ], [ -97.644427, 29.988325 ], [ -97.644527, 29.984781 ], [ -97.643066, 29.985203 ], [ -97.643196, 29.979654 ], [ -97.633753, 29.987183 ], [ -97.631578, 29.985333 ], [ -97.629761, 29.986242 ], [ -97.625436, 29.992838 ], [ -97.621504, 29.990401 ], [ -97.623386, 29.987578 ], [ -97.609213, 29.975858 ], [ -97.613633, 29.97138 ], [ -97.607587, 29.96639 ], [ -97.618719, 29.956035 ], [ -97.609654, 29.948981 ], [ -97.605864, 29.952179 ], [ -97.6026, 29.949311 ], [ -97.611602, 29.941239 ], [ -97.59255, 29.925138 ], [ -97.598625, 29.922611 ], [ -97.623826, 29.902396 ], [ -97.612838, 29.904438 ], [ -97.611753, 29.898625 ], [ -97.598453, 29.900595 ], [ -97.59439, 29.891426 ], [ -97.563101, 29.905186 ], [ -97.559909, 29.902049 ], [ -97.555397, 29.903581 ], [ -97.547373, 29.894288 ], [ -97.548112, 29.890932 ], [ -97.551564, 29.889747 ], [ -97.538898, 29.879482 ], [ -97.533509, 29.882719 ], [ -97.527141, 29.87863 ], [ -97.529, 29.875685 ], [ -97.53258, 29.878041 ], [ -97.53394, 29.874869 ], [ -97.526416, 29.868071 ], [ -97.531311, 29.863946 ], [ -97.525193, 29.858462 ], [ -97.525, 29.853918 ], [ -97.533443, 29.850862 ], [ -97.534327, 29.842757 ], [ -97.591889, 29.775789 ], [ -97.60504, 29.765978 ], [ -97.611005, 29.771855 ], [ -97.611797, 29.778455 ], [ -97.616592, 29.782498 ], [ -97.631348, 29.764577 ], [ -97.638214, 29.771063 ], [ -97.643093, 29.767201 ], [ -97.646512, 29.770532 ], [ -97.649274, 29.768696 ], [ -97.649008, 29.764985 ], [ -97.654071, 29.761721 ], [ -97.656365, 29.767885 ], [ -97.66098, 29.764515 ], [ -97.665293, 29.767679 ], [ -97.667173, 29.772769 ], [ -97.668266, 29.772268 ], [ -97.671179, 29.775959 ], [ -97.677463, 29.776887 ], [ -97.684932, 29.774866 ], [ -97.69205, 29.781809 ], [ -97.698229, 29.770554 ], [ -97.697466, 29.769723 ], [ -97.702201, 29.767413 ], [ -97.708899, 29.773779 ], [ -97.716714, 29.76762 ], [ -97.715758, 29.766028 ], [ -97.719783, 29.763025 ], [ -97.725513, 29.76896 ], [ -97.723574, 29.770701 ], [ -97.725142, 29.772607 ], [ -97.721232, 29.775783 ], [ -97.731094, 29.785684 ], [ -97.744162, 29.775934 ], [ -97.746643, 29.778467 ], [ -97.774307, 29.75772 ], [ -97.778126, 29.762189 ], [ -97.781834, 29.770498 ], [ -97.7609, 29.786118 ], [ -97.776942, 29.80228 ], [ -97.79068, 29.779077 ], [ -97.805621, 29.76777 ], [ -97.811171, 29.774501 ], [ -97.805892, 29.773066 ], [ -97.80565, 29.777058 ], [ -97.808214, 29.779639 ], [ -97.811371, 29.780295 ], [ -97.812931, 29.778319 ], [ -97.815102, 29.780726 ] ] ] } },
{ "type": "Feature", "properties": { "ZCTA5CE20": "78721" }, "geometry": { "type": "Polygon", "coordinates": [ [ [ -97.701423, 30.281389 ], [ -97.701711, 30.282911 ], [ -97.698036, 30.284123 ], [ -97.672506, 30.286809 ], [ -97.66526, 30.28562 ], [ -97.670373, 30.267001 ], [ -97.67821, 30.254827 ], [ -97.683267, 30.251107 ], [ -97.691059, 30.249453 ], [ -97.692486, 30.250767 ], [ -97.6925, 30.25509 ], [ -97.69098, 30.258525 ], [ -97.693864, 30.260094 ], [ -97.695509, 30.26561 ], [ -97.694363, 30.267432 ], [ -97.696272, 30.268101 ], [ -97.698437, 30.274661 ], [ -97.703036, 30.281153 ], [ -97.701423, 30.281389 ] ] ] } },
{ "type": "Feature", "properties": { "ZCTA5CE20": "78735" }, "geometry": { "type": "Polygon", "coordinates": [ [ [ -97.926935, 30.295182 ], [ -97.920275, 30.297719 ], [ -97.917396, 30.302801 ], [ -97.909809, 30.307092 ], [ -97.896977, 30.296928 ], [ -97.90214, 30.291839 ], [ -97.9007, 30.28926 ], [ -97.897969, 30.289623 ], [ -97.891638, 30.295415 ], [ -97.889196, 30.295248 ], [ -97.886131, 30.289191 ], [ -97.882416, 30.286588 ], [ -97.880321, 30.288633 ], [ -97.881299, 30.29566 ], [ -97.87632, 30.298975 ], [ -97.870838, 30.297158 ], [ -97.868011, 30.301078 ], [ -97.86931, 30.304976 ], [ -97.868323, 30.306737 ], [ -97.866201, 30.305933 ], [ -97.864235, 30.299473 ], [ -97.861329, 30.296745 ], [ -97.858578, 30.298323 ], [ -97.857155, 30.30449 ], [ -97.854277, 30.304653 ], [ -97.850009, 30.291489 ], [ -97.842982, 30.292135 ], [ -97.843206, 30.290567 ], [ -97.851842, 30.28441 ], [ -97.852366, 30.281901 ], [ -97.843099, 30.273134 ], [ -97.839725, 30.275651 ], [ -97.836772, 30.275138 ], [ -97.83046, 30.269937 ], [ -97.824883, 30.269613 ], [ -97.821794, 30.2566 ], [ -97.813513, 30.251201 ], [ -97.810327, 30.23973 ], [ -97.807386, 30.240125 ], [ -97.808206, 30.238501 ], [ -97.805748, 30.237488 ], [ -97.806734, 30.232739 ], [ -97.803099, 30.232201 ], [ -97.818416, 30.232638 ], [ -97.824716, 30.235643 ], [ -97.831903, 30.236742 ], [ -97.84619, 30.236393 ], [ -97.845697, 30.233804 ], [ -97.852109, 30.235197 ], [ -97.866032, 30.233894 ], [ -97.876593, 30.23517 ], [ -97.880283, 30.239879 ], [ -97.883939, 30.239756 ], [ -97.883351, 30.240825 ], [ -97.886862, 30.24417 ], [ -97.884722, 30.244599 ], [ -97.886827, 30.246204 ], [ -97.894259, 30.249891 ], [ -97.897057, 30.247934 ], [ -97.902242, 30.252952 ], [ -97.90507, 30.252799 ], [ -97.904147, 30.254257 ], [ -97.907118, 30.255107 ], [ -97.904483, 30.257213 ], [ -97.907243, 30.260127 ], [ -97.909185, 30.267019 ], [ -97.916721, 30.280544 ], [ -97.917626, 30.289178 ], [ -97.926491, 30.292181 ], [ -97.926935, 30.295182 ] ] ] } },
{ "type": "Feature", "properties": { "ZCTA5CE20": "78750" }, "geometry": { "type": "Polygon", "coordinates": [ [ [ -97.836764, 30.394753 ], [ -97.832883, 30.398194 ], [ -97.831309, 30.402015 ], [ -97.824042, 30.406387 ], [ -97.821108, 30.415347 ], [ -97.814718, 30.418509 ], [ -97.808071, 30.419097 ], [ -97.807893, 30.421293 ], [ -97.813576, 30.422904 ], [ -97.814715, 30.424657 ], [ -97.814065, 30.426641 ], [ -97.815936, 30.430336 ], [ -97.814104, 30.432509 ], [ -97.814389, 30.437451 ], [ -97.818695, 30.442676 ], [ -97.815066, 30.44187 ], [ -97.812226, 30.446888 ], [ -97.819691, 30.450261 ], [ -97.826064, 30.455854 ], [ -97.821237, 30.461732 ], [ -97.82259, 30.462764 ], [ -97.819998, 30.460912 ], [ -97.816028, 30.462238 ], [ -97.813713, 30.464182 ], [ -97.814327, 30.465629 ], [ -97.811724, 30.466457 ], [ -97.810622, 30.463891 ], [ -97.796363, 30.468348 ], [ -97.792172, 30.458024 ], [ -97.790674, 30.448731 ], [ -97.785235, 30.450363 ], [ -97.780104, 30.446532 ], [ -97.784075, 30.443015 ], [ -97.781885, 30.442041 ], [ -97.777569, 30.444327 ], [ -97.775151, 30.442726 ], [ -97.778394, 30.441719 ], [ -97.779042, 30.439787 ], [ -97.769726, 30.434202 ], [ -97.775521, 30.436819 ], [ -97.779219, 30.434193 ], [ -97.778294, 30.431626 ], [ -97.785007, 30.426271 ], [ -97.785251, 30.423502 ], [ -97.793613, 30.422528 ], [ -97.793793, 30.420068 ], [ -97.802054, 30.41774 ], [ -97.805748, 30.418767 ], [ -97.806479, 30.417672 ], [ -97.804052, 30.41712 ], [ -97.811669, 30.404985 ], [ -97.788901, 30.394081 ], [ -97.783635, 30.396565 ], [ -97.778936, 30.394598 ], [ -97.783437, 30.391441 ], [ -97.778797, 30.389236 ], [ -97.774802, 30.390291 ], [ -97.771517, 30.385661 ], [ -97.771415, 30.38276 ], [ -97.778267, 30.378058 ], [ -97.781603, 30.378797 ], [ -97.783726, 30.377598 ], [ -97.784672, 30.372662 ], [ -97.788153, 30.369747 ], [ -97.794442, 30.372694 ], [ -97.789432, 30.368152 ], [ -97.791352, 30.359289 ], [ -97.80306, 30.371016 ], [ -97.804656, 30.376505 ], [ -97.804309, 30.384735 ], [ -97.807128, 30.386657 ], [ -97.807675, 30.389264 ], [ -97.810281, 30.385201 ], [ -97.817985, 30.385575 ], [ -97.818251, 30.383421 ], [ -97.830936, 30.39181 ], [ -97.831209, 30.394888 ], [ -97.83423, 30.394034 ], [ -97.835189, 30.392085 ], [ -97.83904, 30.392208 ], [ -97.836764, 30.394753 ] ] ] } }
]
}
